received_at,product_name,sub_product,issue_name,sub_issue,narrative,company_public_response,company_name,state_code,zip_code,tags,submitted_via,sent_to_company_at,company_response,timely_response_raw,complaint_id,escalation_flag,is_in_progress,issue_key
2026-08-21 18:03:17+00:00,"Money transfer, virtual currency, or money service",Mobile or digital wallet,Trouble accessing funds in your mobile or digital wallet,,,,eToro USA LLC,FL,34266,,Web,2026-08-21 18:17:10+00:00,Untimely response,No,25656222,True,False,"Money transfer, virtual currency, or money service::Trouble accessing funds in your mobile or digital wallet"
2026-08-21 17:35:09+00:00,Credit card,General-purpose credit card or charge card,"Other features, terms, or problems",Other problem,,,"Nationwide Credit & Collection, Inc.",MN,55425,,Web,2026-08-21 18:01:38+00:00,Untimely response,No,25655582,True,False,"Credit card::Other features, terms, or problems"
2026-08-21 13:58:42+00:00,Checking or savings account,Other banking product or service,Managing an account,Problem accessing account,,,ROBINHOOD MARKETS INC.,FL,32065,,Phone,2026-08-21 14:32:10+00:00,Untimely response,No,25645709,True,False,Checking or savings account::Managing an account
2026-08-21 11:41:35+00:00,"Money transfer, virtual currency, or money service",Virtual currency,Money was not available when promised,,,,ROBINHOOD MARKETS INC.,PA,19128,,Web,2026-08-21 11:54:33+00:00,Untimely response,No,25641160,True,False,"Money transfer, virtual currency, or money service::Money was not available when promised"
2026-08-21 03:48:46+00:00,Credit card,General-purpose credit card or charge card,Problem with a purchase shown on your statement,Card was charged for something you did not purchase with the card,,,"Capital Accounts, LLC",TX,75126,,Web,2026-08-21 03:57:45+00:00,Untimely response,No,25630285,True,False,Credit card::Problem with a purchase shown on your statement
2026-08-21 03:14:18+00:00,Credit card,General-purpose credit card or charge card,Closing your account,Company closed your account,,,"Capital Accounts, LLC",MI,48168,,Web,2026-08-21 03:27:04+00:00,Untimely response,No,25629353,True,False,Credit card::Closing your account
2026-08-20 22:18:53+00:00,Checking or savings account,Other banking product or service,Managing an account,Funds not handled or disbursed as instructed,,,"BANKMOBILE TECHNOLOGIES, INC",CA,95687,,Web,2026-08-20 22:24:53+00:00,Untimely response,No,25618821,True,False,Checking or savings account::Managing an account
2026-08-20 20:41:30+00:00,Checking or savings account,Other banking product or service,Managing an account,Deposits and withdrawals,,,ROBINHOOD MARKETS INC.,VA,23059,,Web,2026-08-20 20:45:49+00:00,Untimely response,No,25613597,True,False,Checking or savings account::Managing an account
2026-08-20 20:36:30+00:00,"Money transfer, virtual currency, or money service",Virtual currency,Money was not available when promised,,,,Airtm Inc.,,,,Web,2026-08-20 20:52:59+00:00,Untimely response,No,25613987,True,False,"Money transfer, virtual currency, or money service::Money was not available when promised"
2026-08-20 20:30:58+00:00,"Money transfer, virtual currency, or money service",Domestic (US) money transfer,Other transaction problem,,,,ROBINHOOD MARKETS INC.,MD,21704,,Web,2026-08-20 20:57:00+00:00,Untimely response,No,25614276,True,False,"Money transfer, virtual currency, or money service::Other transaction problem"
2026-08-20 16:49:21+00:00,"Money transfer, virtual currency, or money service",Mobile or digital wallet,"Managing, opening, or closing your mobile wallet account",,,,WorldRemit Corp.,GA,30326,,Web,2026-08-20 16:58:15+00:00,Untimely response,No,25601128,True,False,"Money transfer, virtual currency, or money service::Managing, opening, or closing your mobile wallet account"
2026-08-20 15:45:51+00:00,Checking or savings account,Checking account,Problem caused by your funds being low,Bounced checks or returned payments,,,ROBINHOOD MARKETS INC.,NE,68450,,Web,2026-08-20 15:55:38+00:00,Untimely response,No,25597773,True,False,Checking or savings account::Problem caused by your funds being low
2026-08-19 15:01:11+00:00,"Money transfer, virtual currency, or money service",Virtual currency,Other transaction problem,,,,"Block Land Transfer, LLC",CO,80004,,Web,2026-08-19 15:12:52+00:00,Untimely response,No,25543724,True,False,"Money transfer, virtual currency, or money service::Other transaction problem"
2026-08-19 01:50:06+00:00,Checking or savings account,Checking account,Managing an account,Fee problem,,,FIRST FOUNDATION INC.,FL,34638,,Web,2026-08-19 02:11:43+00:00,Untimely response,No,25522552,True,False,Checking or savings account::Managing an account
2026-08-18 17:21:06+00:00,Checking or savings account,Checking account,Managing an account,Problem using a debit or ATM card,,,Conduent Incorporated,NV,89149,,Web,2026-08-18 17:30:02+00:00,Untimely response,No,25497990,True,False,Checking or savings account::Managing an account
2026-08-18 10:11:32+00:00,Checking or savings account,Checking account,Closing an account,Funds not received from closed account,,,FinCo Services Inc DBA Current,AZ,85051,,Web,2026-08-18 10:26:22+00:00,Closed with explanation,No,25482784,True,False,Checking or savings account::Closing an account
2026-08-18 01:10:24+00:00,"Money transfer, virtual currency, or money service",International money transfer,Unexpected or other fees,,,,WorldRemit Corp.,WI,53575,,Web,2026-08-18 01:15:47+00:00,Untimely response,No,25468991,True,False,"Money transfer, virtual currency, or money service::Unexpected or other fees"
2026-08-17 21:53:54+00:00,"Money transfer, virtual currency, or money service",Mobile or digital wallet,Fraud or scam,,,,"LEM FINANCIAL, INC",NC,28801,,Web,2026-08-17 22:06:02+00:00,Untimely response,No,25462205,True,False,"Money transfer, virtual currency, or money service::Fraud or scam"
2026-08-17 18:21:57+00:00,"Money transfer, virtual currency, or money service",Mobile or digital wallet,Fraud or scam,,,,"Block, Inc.",KY,40223,,Web,2026-08-17 18:52:13+00:00,Closed with explanation,No,25452627,True,False,"Money transfer, virtual currency, or money service::Fraud or scam"
2026-08-17 14:32:53+00:00,Checking or savings account,Checking account,Managing an account,Problem using a debit or ATM card,,,FinCo Services Inc DBA Current,GA,31030,,Web,2026-08-17 14:41:47+00:00,Closed with explanation,No,25441632,True,False,Checking or savings account::Managing an account
2026-08-17 09:23:19+00:00,"Money transfer, virtual currency, or money service",Virtual currency,Money was not available when promised,,,,Airtm Inc.,,,,Web,2026-08-17 09:37:59+00:00,Untimely response,No,25434339,True,False,"Money transfer, virtual currency, or money service::Money was not available when promised"
2026-08-16 22:33:52+00:00,Credit card,General-purpose credit card or charge card,"Other features, terms, or problems",Other problem,,,Lincoln Financial Services,NV,89407,,Web,2026-08-16 22:40:07+00:00,Untimely response,No,25424589,True,False,"Credit card::Other features, terms, or problems"
2026-08-15 09:00:44+00:00,Checking or savings account,Checking account,Managing an account,Deposits and withdrawals,,,Payward Ventures Inc. dba Kraken,TX,78259,,Referral,2026-08-17 14:41:49+00:00,Untimely response,No,25441629,True,False,Checking or savings account::Managing an account
2026-08-14 22:33:37+00:00,"Money transfer, virtual currency, or money service",Domestic (US) money transfer,Other transaction problem,,,,"Credit Karma, LLC",CA,92604,,Web,2026-08-14 22:44:21+00:00,Closed with monetary relief,No,25379545,True,False,"Money transfer, virtual currency, or money service::Other transaction problem"
2026-08-14 18:18:02+00:00,Checking or savings account,Checking account,Closing an account,Company closed your account,,,FinCo Services Inc DBA Current,MA,02121,,Web,2026-08-14 18:49:40+00:00,Closed with explanation,No,25367521,True,False,Checking or savings account::Closing an account
2026-08-14 15:59:56+00:00,Credit card,General-purpose credit card or charge card,Incorrect information on your report,Account status incorrect,,,"Snap US Holdings, LLC",FL,335XX,,Web,2026-08-14 16:05:11+00:00,Untimely response,No,25359446,True,False,Credit card::Incorrect information on your report
2026-08-14 04:21:39+00:00,Checking or savings account,Checking account,Managing an account,Problem using a debit or ATM card,,,FinCo Services Inc DBA Current,KS,662XX,Servicemember,Web,2026-08-14 04:29:22+00:00,Closed with explanation,No,25341735,True,False,Checking or savings account::Managing an account
2026-08-13 17:42:58+00:00,Credit card,General-purpose credit card or charge card,"Other features, terms, or problems",Privacy issues,,,Exto Inc.,TX,78245,Servicemember,Web,2026-08-13 18:02:09+00:00,Closed with explanation,No,25316137,True,False,"Credit card::Other features, terms, or problems"
2026-08-11 21:59:53+00:00,Credit card,General-purpose credit card or charge card,"Advertising and marketing, including promotional offers",Confusing or misleading advertising about the credit card,,,Credit Service Company,NY,14120,Older American,Web,2026-08-11 22:15:50+00:00,Untimely response,No,25230799,True,False,"Credit card::Advertising and marketing, including promotional offers"
2026-08-11 21:29:11+00:00,"Money transfer, virtual currency, or money service",Mobile or digital wallet,Trouble accessing funds in your mobile or digital wallet,,,,Airtm Inc.,,,,Web,2026-08-11 22:00:58+00:00,Untimely response,No,25230072,True,False,"Money transfer, virtual currency, or money service::Trouble accessing funds in your mobile or digital wallet"
2026-08-11 14:10:42+00:00,Credit card,General-purpose credit card or charge card,Fees or interest,Unexpected increase in interest rate,,,"Capital Accounts, LLC",IL,60586,,Web,2026-08-11 14:31:15+00:00,Untimely response,No,25206503,True,False,Credit card::Fees or interest
2026-08-10 17:21:35+00:00,Checking or savings account,Checking account,Managing an account,Deposits and withdrawals,,,Glacier Bancorp Inc.,UT,84103,,Web,2026-08-10 17:35:32+00:00,Closed with explanation,No,25165082,True,False,Checking or savings account::Managing an account
2026-08-10 12:33:11+00:00,Checking or savings account,Checking account,Opening an account,Didn't receive terms that were advertised,,Company has responded to the consumer and the CFPB and chooses not to provide a public response,FourLeaf Federal Credit Union,NY,10036,,Referral,2026-08-10 17:19:27+00:00,Closed with explanation,No,25164294,True,False,Checking or savings account::Opening an account
2026-08-10 08:39:04+00:00,Checking or savings account,Savings account,Managing an account,Banking errors,,,FIRST FOUNDATION INC.,CA,91016,,Web,2026-08-10 08:50:45+00:00,Untimely response,No,25150317,True,False,Checking or savings account::Managing an account
2026-08-10 06:39:13+00:00,Credit card,General-purpose credit card or charge card,Trouble using your card,Can't use card to make purchases,,,"BANK OF AMERICA, NATIONAL ASSOCIATION",SC,29926,,Web,2026-08-10 06:42:56+00:00,Untimely response,No,25148357,True,False,Credit card::Trouble using your card
2026-08-09 14:23:04+00:00,"Money transfer, virtual currency, or money service",International money transfer,Other transaction problem,,,,WorldRemit Corp.,NY,100XX,,Web,2026-08-09 14:30:45+00:00,Untimely response,No,25135477,True,False,"Money transfer, virtual currency, or money service::Other transaction problem"
2026-08-08 18:42:05+00:00,"Money transfer, virtual currency, or money service",International money transfer,Money was not available when promised,,,,WorldRemit Corp.,MI,48075,Older American,Web,2026-08-08 18:52:27+00:00,Closed with monetary relief,No,25121740,True,False,"Money transfer, virtual currency, or money service::Money was not available when promised"
2026-08-08 18:01:38+00:00,Checking or savings account,Checking account,Problem with a lender or other company charging your account,Transaction was not authorized,,,FinCo Services Inc DBA Current,OH,45044,,Web,2026-08-08 18:07:29+00:00,Closed with explanation,No,25121059,True,False,Checking or savings account::Problem with a lender or other company charging your account
2026-08-08 14:31:15+00:00,"Money transfer, virtual currency, or money service",Virtual currency,Money was not available when promised,,,,Abra,,XXXXX,,Web,2026-08-08 14:55:29+00:00,Untimely response,No,25117870,True,False,"Money transfer, virtual currency, or money service::Money was not available when promised"
2026-08-07 19:06:36+00:00,"Money transfer, virtual currency, or money service",Domestic (US) money transfer,Fraud or scam,,,,Novo Platform Inc.,CA,92592,Servicemember,Web,2026-08-07 19:35:59+00:00,Untimely response,No,25091128,True,False,"Money transfer, virtual currency, or money service::Fraud or scam"
2026-08-07 16:56:42+00:00,Credit card,General-purpose credit card or charge card,Getting a credit card,Card opened without my consent or knowledge,,,FinCo Services Inc DBA Current,NC,27103,Servicemember,Web,2026-08-07 17:20:54+00:00,Closed with explanation,No,25084922,True,False,Credit card::Getting a credit card
2026-08-07 15:38:37+00:00,Checking or savings account,Other banking product or service,Managing an account,Deposits and withdrawals,,,Conduent Incorporated,NY,130XX,,Web,2026-08-07 15:43:45+00:00,Untimely response,No,25080547,True,False,Checking or savings account::Managing an account
2026-08-06 21:05:33+00:00,Credit card,General-purpose credit card or charge card,Struggling to pay your bill,Filed for bankruptcy,,,"Capital Accounts, LLC",IL,60639,,Web,2026-08-06 21:34:19+00:00,Untimely response,No,25050703,True,False,Credit card::Struggling to pay your bill
2026-08-06 20:48:48+00:00,Credit card,General-purpose credit card or charge card,"Other features, terms, or problems",Credit card company forcing arbitration,,,"Capital Accounts, LLC",IL,XXXXX,Servicemember,Web,2026-08-06 21:25:10+00:00,Untimely response,No,25050262,True,False,"Credit card::Other features, terms, or problems"
2026-08-06 19:41:07+00:00,"Money transfer, virtual currency, or money service",International money transfer,Other transaction problem,,,Company believes complaint caused principally by actions of third party outside the control or direction of the company,TClub Inc,CA,95391,,Web,2026-08-06 20:00:37+00:00,Closed with explanation,No,25045994,True,False,"Money transfer, virtual currency, or money service::Other transaction problem"
2026-08-06 06:40:19+00:00,"Money transfer, virtual currency, or money service",International money transfer,Money was not available when promised,,,Company believes complaint caused principally by actions of third party outside the control or direction of the company,TClub Inc,TX,75019,,Web,2026-08-06 06:51:28+00:00,Closed with explanation,No,25021389,True,False,"Money transfer, virtual currency, or money service::Money was not available when promised"
2026-08-05 23:02:52+00:00,"Money transfer, virtual currency, or money service",International money transfer,Money was not available when promised,,,Company believes complaint caused principally by actions of third party outside the control or direction of the company,TClub Inc,NC,28270,,Web,2026-08-05 23:24:42+00:00,Closed with explanation,No,25009545,True,False,"Money transfer, virtual currency, or money service::Money was not available when promised"
2026-08-05 22:55:23+00:00,"Money transfer, virtual currency, or money service",International money transfer,Money was not available when promised,,,Company believes complaint caused principally by actions of third party outside the control or direction of the company,TClub Inc,CA,90038,,Web,2026-08-05 23:05:58+00:00,Closed with explanation,No,25008759,True,False,"Money transfer, virtual currency, or money service::Money was not available when promised"
2026-08-05 21:39:15+00:00,"Money transfer, virtual currency, or money service",International money transfer,Money was not available when promised,,,Company believes complaint caused principally by actions of third party outside the control or direction of the company,TClub Inc,MD,21001,,Web,2026-08-05 21:49:38+00:00,Closed with explanation,No,25005166,True,False,"Money transfer, virtual currency, or money service::Money was not available when promised"
2026-08-05 19:17:53+00:00,Checking or savings account,Checking account,Managing an account,Deposits and withdrawals,,,CapitalJ Inc. dba Juno,PA,19122,,Web,2026-08-05 19:49:28+00:00,Closed with explanation,No,24998490,True,False,Checking or savings account::Managing an account
2026-08-05 15:27:43+00:00,Checking or savings account,Other banking product or service,Closing an account,Funds not received from closed account,,,Lincoln Financial Services,PA,17404,,Web,2026-08-05 15:42:24+00:00,Untimely response,No,24985721,True,False,Checking or savings account::Closing an account
2026-08-05 13:24:32+00:00,"Money transfer, virtual currency, or money service",International money transfer,Money was not available when promised,,,Company believes complaint caused principally by actions of third party outside the control or direction of the company,TClub Inc,TX,78727,,Web,2026-08-05 13:42:31+00:00,Closed with explanation,No,24980892,True,False,"Money transfer, virtual currency, or money service::Money was not available when promised"
2026-08-05 04:02:32+00:00,"Money transfer, virtual currency, or money service",Foreign currency exchange,Confusing or missing disclosures,,,Company believes complaint caused principally by actions of third party outside the control or direction of the company,TClub Inc,CA,940XX,,Web,2026-08-05 04:10:50+00:00,Closed with explanation,No,24967741,True,False,"Money transfer, virtual currency, or money service::Confusing or missing disclosures"
2026-08-05 02:32:23+00:00,"Money transfer, virtual currency, or money service",International money transfer,Money was not available when promised,,,Company believes complaint caused principally by actions of third party outside the control or direction of the company,TClub Inc,IL,60504,,Web,2026-08-05 02:54:31+00:00,Closed with explanation,No,24965716,True,False,"Money transfer, virtual currency, or money service::Money was not available when promised"
2026-08-05 02:01:33+00:00,"Money transfer, virtual currency, or money service",International money transfer,Money was not available when promised,,,Company believes complaint caused principally by actions of third party outside the control or direction of the company,TClub Inc,IL,60504,,Web,2026-08-05 02:30:50+00:00,Closed with explanation,No,24964972,True,False,"Money transfer, virtual currency, or money service::Money was not available when promised"
2026-08-04 20:51:26+00:00,"Money transfer, virtual currency, or money service",International money transfer,Money was not available when promised,,,Company believes complaint caused principally by actions of third party outside the control or direction of the company,TClub Inc,MI,48336,,Web,2026-08-04 21:12:22+00:00,Closed with explanation,No,24952816,True,False,"Money transfer, virtual currency, or money service::Money was not available when promised"
2026-08-04 03:35:47+00:00,"Money transfer, virtual currency, or money service",International money transfer,Money was not available when promised,,,Company believes complaint caused principally by actions of third party outside the control or direction of the company,TClub Inc,NH,031XX,,Web,2026-08-04 03:49:57+00:00,Closed with explanation,No,24918076,True,False,"Money transfer, virtual currency, or money service::Money was not available when promised"
2026-08-04 00:41:17+00:00,"Money transfer, virtual currency, or money service",Foreign currency exchange,Problem with customer service,,,Company believes complaint caused principally by actions of third party outside the control or direction of the company,TClub Inc,PA,16066,,Web,2026-08-04 01:04:55+00:00,Closed with explanation,No,24912793,True,False,"Money transfer, virtual currency, or money service::Problem with customer service"
2026-08-03 20:30:58+00:00,Credit card,General-purpose credit card or charge card,Getting a credit card,Card opened without my consent or knowledge,,,"Credit Karma, LLC",OH,45242,,Web,2026-08-03 20:36:43+00:00,Closed with non-monetary relief,No,24902493,True,False,Credit card::Getting a credit card
2026-08-03 19:06:40+00:00,"Money transfer, virtual currency, or money service",International money transfer,Money was not available when promised,,,Company believes the complaint is the result of a misunderstanding,TClub Inc,CA,95219,,Web,2026-08-03 19:10:22+00:00,Closed with explanation,No,24898163,True,False,"Money transfer, virtual currency, or money service::Money was not available when promised"
2026-08-03 16:22:38+00:00,Checking or savings account,Checking account,Managing an account,Deposits and withdrawals,,,CapitalJ Inc. dba Juno,CA,94401,,Web,2026-08-03 16:38:13+00:00,Closed with explanation,No,24891295,True,False,Checking or savings account::Managing an account
2026-08-02 20:40:37+00:00,Checking or savings account,Checking account,Managing an account,Problem using a debit or ATM card,,,FinCo Services Inc DBA Current,AZ,85048,,Web,2026-08-02 22:16:01+00:00,Closed with explanation,No,24871921,True,False,Checking or savings account::Managing an account
2026-08-02 16:03:28+00:00,"Money transfer, virtual currency, or money service",International money transfer,Money was not available when promised,,,Company believes the complaint is the result of a misunderstanding,TClub Inc,TX,75025,,Web,2026-08-02 16:19:21+00:00,Closed with explanation,No,24868127,True,False,"Money transfer, virtual currency, or money service::Money was not available when promised"
2026-08-02 03:48:25+00:00,Checking or savings account,Checking account,Problem with a lender or other company charging your account,Transaction was not authorized,,,FinCo Services Inc DBA Current,IL,60411,,Web,2026-08-02 04:12:07+00:00,Closed with explanation,No,24861324,True,False,Checking or savings account::Problem with a lender or other company charging your account
2026-08-01 12:38:19+00:00,Checking or savings account,Checking account,Managing an account,Problem accessing account,,,SIMMONS FIRST NATIONAL CORPORATION,AR,72209,,Web,2026-08-01 12:47:48+00:00,Closed with explanation,No,24849925,True,False,Checking or savings account::Managing an account
2026-08-01 12:10:48+00:00,Checking or savings account,Savings account,Managing an account,Funds not handled or disbursed as instructed,,,FinCo Services Inc DBA Current,NY,10459,,Web,2026-08-01 12:31:07+00:00,Closed with explanation,No,24849789,True,False,Checking or savings account::Managing an account
2026-08-01 06:33:13+00:00,"Money transfer, virtual currency, or money service",International money transfer,Money was not available when promised,,,Company believes the complaint is the result of a misunderstanding,TClub Inc,FL,33801,,Web,2026-08-01 07:10:39+00:00,Closed with explanation,No,24845788,True,False,"Money transfer, virtual currency, or money service::Money was not available when promised"
2026-07-31 21:44:12+00:00,Checking or savings account,Checking account,Closing an account,Funds not received from closed account,,,CARD Corporation,NJ,07036,,Web,2026-07-31 21:57:35+00:00,Untimely response,No,24832509,True,False,Checking or savings account::Closing an account
2026-07-31 20:31:15+00:00,"Money transfer, virtual currency, or money service",International money transfer,Money was not available when promised,,,Company believes the complaint is the result of a misunderstanding,TClub Inc,TX,75025,,Web,2026-07-31 20:57:26+00:00,Closed with explanation,No,24829498,True,False,"Money transfer, virtual currency, or money service::Money was not available when promised"
2026-07-30 16:40:49+00:00,Credit card,General-purpose credit card or charge card,Trouble using your card,Can't use card to make purchases,,,Conduent Incorporated,NY,13501,,Web,2026-07-30 16:47:25+00:00,Untimely response,No,24775292,True,False,Credit card::Trouble using your card
2026-07-30 03:03:31+00:00,"Money transfer, virtual currency, or money service",Foreign currency exchange,Confusing or misleading advertising or marketing,,,Company believes the complaint is the result of a misunderstanding,TClub Inc,NJ,08820,,Web,2026-07-30 03:14:01+00:00,Closed with explanation,No,24754507,True,False,"Money transfer, virtual currency, or money service::Confusing or misleading advertising or marketing"
2026-07-30 02:29:33+00:00,Checking or savings account,Checking account,Managing an account,Funds not handled or disbursed as instructed,,,FinCo Services Inc DBA Current,CA,92806,,Web,2026-07-30 02:44:22+00:00,Closed with explanation,No,24753801,True,False,Checking or savings account::Managing an account
2026-07-29 22:22:02+00:00,Credit card,General-purpose credit card or charge card,Problem with a purchase shown on your statement,Card was charged for something you did not purchase with the card,,,FinCo Services Inc DBA Current,CA,95926,,Web,2026-07-29 22:57:15+00:00,Closed with explanation,No,24746866,True,False,Credit card::Problem with a purchase shown on your statement
2026-07-29 18:48:53+00:00,"Money transfer, virtual currency, or money service",Mobile or digital wallet,Unauthorized transactions or other transaction problem,,,,"AlpacaDB, Inc.",MN,558XX,Older American,Web,2026-07-29 19:05:53+00:00,Untimely response,No,24735824,True,False,"Money transfer, virtual currency, or money service::Unauthorized transactions or other transaction problem"
2026-07-29 18:39:43+00:00,"Money transfer, virtual currency, or money service",International money transfer,Money was not available when promised,,"On XX/XX/year>, I initiated an international remittance transfer. The exact amount of {$6000.00} was successfully debited from my checking account via XXXX by the merchant 's payment processor ( BRIDGE BUILDING ). 
The merchant, Abound ( XXXX XXXX XXXX ), has failed to make these funds available by the promised date. The estimated time of arrival has been continuously delayed without explanation, moving from XX/XX/XXXX to XX/XX/XXXX, XXXX, XXXX, XXXX, and now into XX/XX/XXXX. I have contacted their support team multiple times ( Ticket created by XXXX XXXX on XX/XX/year> ), but they are completely unresponsive and are unlawfully holding my money. I am requesting an immediate cancellation of this transfer and a full refund of {$6000.00} to my original payment method due to services not rendered.",Company believes the complaint is the result of a misunderstanding,TClub Inc,SC,29707,,Web,2026-07-29 19:30:47+00:00,Closed with explanation,No,24737134,True,False,"Money transfer, virtual currency, or money service::Money was not available when promised"
2026-07-29 17:36:51+00:00,Credit card,General-purpose credit card or charge card,Problem with a purchase shown on your statement,Credit card company isn't resolving a dispute about a purchase on your statement,,,"Marlette Funding, LLC",MI,490XX,,Web,2026-07-29 17:43:16+00:00,Closed with non-monetary relief,No,24731751,True,False,Credit card::Problem with a purchase shown on your statement
2026-07-29 05:55:58+00:00,"Money transfer, virtual currency, or money service",International money transfer,Other transaction problem,,,,"BANK OF NEW YORK MELLON CORPORATION, THE",NY,10011,,Web,2026-07-29 06:01:56+00:00,Closed with explanation,No,24711642,True,False,"Money transfer, virtual currency, or money service::Other transaction problem"
2026-07-29 05:55:24+00:00,"Money transfer, virtual currency, or money service",International money transfer,Money was not available when promised,,,Company believes the complaint is the result of a misunderstanding,TClub Inc,MA,01609,,Web,2026-07-29 06:05:33+00:00,Closed with explanation,No,24711734,True,False,"Money transfer, virtual currency, or money service::Money was not available when promised"
2026-07-28 13:09:32+00:00,Checking or savings account,Other banking product or service,Closing an account,Can't close your account,,,"AlpacaDB, Inc.",MA,02155,,Web,2026-07-28 14:17:41+00:00,Untimely response,No,24675072,True,False,Checking or savings account::Closing an account
2026-07-28 05:11:33+00:00,"Money transfer, virtual currency, or money service",International money transfer,Money was not available when promised,,"Summary of Incident : I initiated an international remittance transfer ( Transaction ID : XXXX ) from my XXXX XXXX account to my XXXX bank account in XXXX using the Abound application. The funds were debited from my XXXX XXXX account, and the status in the Abound app updated to "" Delivered '' / "" Completed. '' However, the funds were never deposited into my XXXX bank account. 

Actions Taken by Me : 1. Checked my XXXX  account statement for the transaction period ( XX/XX/XXXX XX/XX/year> ) and confirmed zero credit was received. 
2. Contacted Abound support and submitted ticket # XXXX along with attached bank statements proving non-receipt of funds. 
3. Explicitly requested the XXXX Unique Transaction Reference ( XXXX  ) number multiple times via email so I could trace the deposit with my receiving bank in XXXX. 
4. Attempted to access Abound 's online support/XXXX  portal to view ticket statuses, but received an "" Unauthorized '' access error page. 

Actions Taken by Company : 1. Merged and closed initial support tickets without resolution. 
2. Addressed me by the wrong name ( "" XXXX XXXX '' ) in support correspondence before sending a follow-up email telling me to ignore the response entirely. 
3. Claimed to have escalated the issue to their banking partner on priority, but provided no ticket confirmation, investigation reference, or evidence of escalation. 
4. Failed and refused to provide the requested XXXX XXXX reference number across multiple email follow-ups. 

Impact & Requested Resolution : Abound is marking unreceived remittance transfers as "" Completed '' / "" Delivered '' in their mobile app while failing to provide a banking trace ( XXXX  ) number or proper error resolution under federal remittance guidelines. I request that Abound immediately provide official bank proof of delivery ( XXXX XXXX number ) showing successful deposit into my XXXX  account, OR issue a full refund of the transfer amount and associated fees to my source account.",Company believes the complaint is the result of a misunderstanding,TClub Inc,TX,78641,,Web,2026-07-28 13:50:48+00:00,Closed with explanation,No,24664812,True,False,"Money transfer, virtual currency, or money service::Money was not available when promised"
2026-07-27 21:07:31+00:00,Credit card,General-purpose credit card or charge card,Problem with a purchase shown on your statement,Credit card company isn't resolving a dispute about a purchase on your statement,,,Conduent Incorporated,NY,14120,,Web,2026-07-27 21:30:16+00:00,Untimely response,No,24652991,True,False,Credit card::Problem with a purchase shown on your statement
2026-07-27 17:14:57+00:00,Credit card,General-purpose credit card or charge card,Problem with a purchase shown on your statement,Card was charged for something you did not purchase with the card,,,"Capstone Capital USA, LLC",ID,83401,,Web,2026-07-27 17:27:46+00:00,Untimely response,No,24641198,True,False,Credit card::Problem with a purchase shown on your statement
2026-07-24 21:49:02+00:00,Credit card,General-purpose credit card or charge card,Closing your account,Company closed your account,,,"Capstone Capital USA, LLC",LA,712XX,,Web,2026-07-24 21:59:19+00:00,Untimely response,No,24583810,True,False,Credit card::Closing your account
2026-07-24 20:07:18+00:00,Checking or savings account,Checking account,Closing an account,Funds not received from closed account,,,"Capital Accounts, LLC",PA,19082,,Web,2026-07-24 20:18:52+00:00,Untimely response,No,24579198,True,False,Checking or savings account::Closing an account
2026-07-24 19:11:35+00:00,"Money transfer, virtual currency, or money service",Foreign currency exchange,Problem with customer service,,,Company believes the complaint is the result of a misunderstanding,TClub Inc,NC,27519,,Web,2026-07-24 19:33:31+00:00,Closed with explanation,No,24577110,True,False,"Money transfer, virtual currency, or money service::Problem with customer service"
2026-07-24 14:40:35+00:00,"Money transfer, virtual currency, or money service","Money order, traveler's check or cashier's check",Lost or stolen money order,,,,Assured Financial Partners,MO,641XX,,Web,2026-07-24 14:46:56+00:00,Untimely response,No,24564313,True,False,"Money transfer, virtual currency, or money service::Lost or stolen money order"
2026-07-24 03:09:58+00:00,Checking or savings account,Checking account,Managing an account,Deposits and withdrawals,,,UMB FINANCIAL CORPORATION,MO,64130,Older American,Web,2026-07-24 03:44:00+00:00,Closed with explanation,No,24550120,True,False,Checking or savings account::Managing an account
2026-07-23 17:42:18+00:00,"Money transfer, virtual currency, or money service",Domestic (US) money transfer,Other transaction problem,,,,ROBINHOOD MARKETS INC.,FL,34293,,Web,2026-07-23 17:52:31+00:00,Closed with explanation,No,24527434,True,False,"Money transfer, virtual currency, or money service::Other transaction problem"
2026-07-22 21:31:01+00:00,Checking or savings account,Checking account,Managing an account,Deposits and withdrawals,,,Skyline Financial Corp.,TX,79932,,Web,2026-07-22 21:39:29+00:00,Untimely response,No,24491531,True,False,Checking or savings account::Managing an account
2026-07-22 19:10:46+00:00,Checking or savings account,Checking account,Problem caused by your funds being low,Non-sufficient funds and associated fees,,,Alliance Capital Corp.,MO,631XX,,Web,2026-07-22 19:26:58+00:00,Untimely response,No,24485359,True,False,Checking or savings account::Problem caused by your funds being low
2026-07-22 18:22:50+00:00,Checking or savings account,Checking account,Problem caused by your funds being low,Overdrafts and overdraft fees,,,FinCo Services Inc DBA Current,PA,15317,,Web,2026-07-22 18:30:49+00:00,Closed with explanation,No,24482601,True,False,Checking or savings account::Problem caused by your funds being low
2026-07-21 18:43:33+00:00,Checking or savings account,Savings account,Managing an account,Deposits and withdrawals,,,GOLDMAN SACHS BANK USA,CA,93063,,Web,2026-07-21 19:22:00+00:00,Closed with explanation,No,24439015,True,False,Checking or savings account::Managing an account
2026-07-21 17:14:10+00:00,"Money transfer, virtual currency, or money service",Mobile or digital wallet,Fraud or scam,,,,Conduent Incorporated,NY,11205,,Web,2026-07-21 17:33:13+00:00,Untimely response,No,24433947,True,False,"Money transfer, virtual currency, or money service::Fraud or scam"
2026-07-21 17:09:28+00:00,"Money transfer, virtual currency, or money service",International money transfer,Money was not available when promised,,"Transaction Date & amount : XX/XX/year>, {$1000.00} Transaction ID : XXXX Provider Legal Name : TClub , Inc./ Abound Issue : Unreasonable transfer delay, failure to complete transfer by promised date, and failure to honor cancellation/refund requests. 
Details : I initiated an international money transfer on XX/XX/year>. Funds were debited on XX/XX/year>. A technical error occurred ( XXXX  name mismatch ). Support instructed me to change recipient details, which did not resolve the issue. Customer support subsequently promised via email that the transaction would complete no later than XX/XX/year>. As of today ( XX/XX/XXXX ), the funds have not been credited. Abound has refused to allow cancellation or refund and failed to provide adequate escalation. 
Desired Resolution : Immediate release of the {$1000.00} transfer to the recipient OR an immediate full refund of {$1000.00} to my original payment method.",Company believes the complaint is the result of a misunderstanding,TClub Inc,PA,194XX,,Web,2026-07-21 17:17:51+00:00,Closed with explanation,No,24433308,True,False,"Money transfer, virtual currency, or money service::Money was not available when promised"
2026-07-21 05:27:01+00:00,Checking or savings account,Checking account,Managing an account,Problem using a debit or ATM card,,,Conduent Incorporated,PA,151XX,,Web,2026-07-21 05:49:30+00:00,Untimely response,No,24413694,True,False,Checking or savings account::Managing an account
2026-07-21 02:55:07+00:00,"Money transfer, virtual currency, or money service",International money transfer,Money was not available when promised,,,,PLACID NK CORPORATION,TX,77583,,Web,2026-07-21 03:18:37+00:00,Untimely response,No,24409835,True,False,"Money transfer, virtual currency, or money service::Money was not available when promised"
2026-07-21 02:12:03+00:00,Checking or savings account,Checking account,Opening an account,Unable to open an account,,,BANK OF HAWAII CORPORATION,NY,11228,,Web,2026-07-21 02:26:17+00:00,Closed with explanation,No,24408129,True,False,Checking or savings account::Opening an account
2026-07-20 22:15:46+00:00,Checking or savings account,Checking account,Managing an account,Funds not handled or disbursed as instructed,,,Novo Platform Inc.,TX,77066,,Web,2026-08-03 18:35:39+00:00,Closed with explanation,No,24400551,True,False,Checking or savings account::Managing an account
2026-07-20 22:14:55+00:00,Credit card,General-purpose credit card or charge card,Getting a credit card,Card opened without my consent or knowledge,,,"Crown Asset Management, LLC, Duluth, GA Branch",FL,XXXXX,Older American,Web,2026-07-20 22:23:29+00:00,Closed with explanation,No,24400000,True,False,Credit card::Getting a credit card
2026-07-20 10:13:16+00:00,"Money transfer, virtual currency, or money service",Mobile or digital wallet,Trouble accessing funds in your mobile or digital wallet,,,,Airtm Inc.,,,,Web,2026-07-20 10:41:21+00:00,Closed with explanation,No,24373524,True,False,"Money transfer, virtual currency, or money service::Trouble accessing funds in your mobile or digital wallet"
2026-07-20 04:54:54+00:00,Credit card,General-purpose credit card or charge card,Struggling to pay your bill,Filed for bankruptcy,,,"ShoulderTap Technologies, Inc. d/b/a Fizz",GA,31220,,Web,2026-07-20 05:01:38+00:00,Untimely response,No,24368738,True,False,Credit card::Struggling to pay your bill
2026-07-20 00:32:57+00:00,"Money transfer, virtual currency, or money service",Check cashing service,Problem with customer service,,,,"Ingo Money, Inc.",MI,49508,Servicemember,Web,2026-07-20 00:53:23+00:00,Closed with explanation,No,24365401,True,False,"Money transfer, virtual currency, or money service::Problem with customer service"
2026-07-18 13:53:34+00:00,"Money transfer, virtual currency, or money service",Mobile or digital wallet,Unauthorized transactions or other transaction problem,,,,Broadway Account Services,TX,78242,,Web,2026-07-18 13:58:38+00:00,Untimely response,No,24346083,True,False,"Money transfer, virtual currency, or money service::Unauthorized transactions or other transaction problem"
2026-07-18 13:27:57+00:00,"Money transfer, virtual currency, or money service",Mobile or digital wallet,Fraud or scam,,,,Paylaterr Inc,FL,32828,Servicemember,Web,2026-07-18 13:51:39+00:00,Closed with monetary relief,No,24346031,True,False,"Money transfer, virtual currency, or money service::Fraud or scam"
2026-07-18 03:01:47+00:00,Checking or savings account,Other banking product or service,Managing an account,Funds not handled or disbursed as instructed,,,"BANK OF NEW YORK MELLON CORPORATION, THE",CA,94124,Older American,Web,2026-07-18 03:11:23+00:00,Closed with explanation,No,24337761,True,False,Checking or savings account::Managing an account
2026-07-17 17:51:26+00:00,Checking or savings account,Checking account,Managing an account,Funds not handled or disbursed as instructed,,,"DailyPay, Inc",AZ,85033,,Web,2026-08-03 17:34:35+00:00,Closed with explanation,No,24317520,True,False,Checking or savings account::Managing an account
2026-07-17 16:31:16+00:00,"Money transfer, virtual currency, or money service",Virtual currency,Other transaction problem,,,,Checkbook Inc,NC,27606,Servicemember,Web,2026-07-17 17:09:47+00:00,Untimely response,No,24315350,True,False,"Money transfer, virtual currency, or money service::Other transaction problem"
2026-07-17 16:27:15+00:00,Credit card,Store credit card,"Other features, terms, or problems",Other problem,,,"Apple Law Group, Inc.",NV,89115,Servicemember,Web,2026-07-17 16:54:02+00:00,Untimely response,No,24314623,True,False,"Credit card::Other features, terms, or problems"
2026-07-17 02:12:40+00:00,Credit card,General-purpose credit card or charge card,Incorrect information on your report,Account information incorrect,,,Premier Account Management,IL,60559,,Web,2026-07-17 02:44:31+00:00,Untimely response,No,24294172,True,False,Credit card::Incorrect information on your report
2026-07-16 18:49:42+00:00,Credit card,General-purpose credit card or charge card,Getting a credit card,Card opened without my consent or knowledge,,,"Bilt Technologies, Inc.",GA,30019,,Web,2026-07-17 03:07:25+00:00,Closed with explanation,No,24276372,True,False,Credit card::Getting a credit card
2026-07-16 14:02:16+00:00,Credit card,General-purpose credit card or charge card,Incorrect information on your report,Information belongs to someone else,,,"Capstone Capital USA, LLC",TX,77055,,Web,2026-07-16 14:10:11+00:00,Untimely response,No,24263482,True,False,Credit card::Incorrect information on your report
2026-07-16 11:18:00+00:00,Checking or savings account,Savings account,Problem with a lender or other company charging your account,Transaction was not authorized,,,"Relay Financial (US), Corp.",TX,77242,,Web,2026-07-16 11:35:39+00:00,Closed with explanation,No,24259983,True,False,Checking or savings account::Problem with a lender or other company charging your account
2026-07-16 08:20:57+00:00,"Money transfer, virtual currency, or money service",International money transfer,Other transaction problem,,"Complaint Between XX/XX/year>, and XX/XX/year>, I initiated XXXX XXXX  remittance transfers through Abound using ACH debits from my XXXX checking account. The transfers were all sent to my own personal bank account in XXXX, not to a third party. 

The transaction details are as follows XXXX XXXX XXXXXX/XX/year> : {$6100.00} ( including fees ) XXXX XXXXXX/XX/year> : {$6100.00} XXXX XXXX  XX/XX/year> : {$6100.00} XXXX  XX/XX/year> : {$6000.00} XXXX XXXXXX/XX/year> : {$6000.00} XXXX XXXXXX/XX/year> : {$6000.00} XXXX XXXXXX/XX/year> : {$6000.00} XXXX XXXXXX/XX/year> : {$6000.00} The total amount debited from my bank account was approximately USD {$48000.00}. 

My first remittance through Abound had previously completed successfully after about XXXX days. Based on that successful experience, I initiated these additional transfers. 

Abound immediately withdrew the funds from my bank account. The application confirms that the funds were received by Abound. However, the transfers have not been completed. 

The transaction status initially displayed : Transfer delayed, but no cause for concern. Your money is safe & secure. This has been escalated internally and is being handled on priority. 

Some transactions now display estimated delivery dates, while others continue to show delayed processing. Despite these status messages, the funds have not been delivered to my bank account. 

Since the delays began, I have contacted Abounds customer support multiple times through email, as email is their only available customer support channel. Each time, I received only generic responses asking me to wait. The company has not provided a specific reason for the delays, has not requested any additional documentation, and has not provided a firm resolution date or offered a refund. 

These funds are urgently needed due to personal financial obligations, and the prolonged delay has caused significant financial hardship. 

I respectfully request that Abound : 1. Complete all pending remittance transfers immediately, or 2. Refund the full amount of all pending transactions to my original bank account immediately. 

I also request that Abound provide : * A written explanation for the delays. 
* Confirmation whether the transfers are under compliance or operational review. 
* A definitive timeline for resolution. 

I have retained screenshots of all transaction statuses, records showing the ACH debits from my bank account, and copies of my email communications with Abound, and I am prepared to provide them upon request.",Company believes the complaint is the result of a misunderstanding,TClub Inc,IL,60607,,Web,2026-07-16 08:32:26+00:00,Closed with explanation,No,24257539,True,False,"Money transfer, virtual currency, or money service::Other transaction problem"
2026-07-15 02:02:57+00:00,"Money transfer, virtual currency, or money service",Mobile or digital wallet,"Overdraft, savings, or rewards features",,,,"Block, Inc.",TX,76012,,Web,2026-07-15 02:10:55+00:00,Closed with explanation,No,24205790,True,False,"Money transfer, virtual currency, or money service::Overdraft, savings, or rewards features"
2026-07-15 00:32:02+00:00,"Money transfer, virtual currency, or money service",Virtual currency,Other transaction problem,,,,Airtm Inc.,OH,43229,,Web,2026-07-15 00:52:07+00:00,Closed with explanation,No,24203633,True,False,"Money transfer, virtual currency, or money service::Other transaction problem"
2026-07-14 02:03:14+00:00,Credit card,General-purpose credit card or charge card,Problem with a purchase shown on your statement,Card was charged for something you did not purchase with the card,,,"Student Zoom, LLC",TX,785XX,,Web,2026-07-14 02:07:26+00:00,Untimely response,No,24161008,True,False,Credit card::Problem with a purchase shown on your statement
2026-07-14 01:14:39+00:00,Credit card,General-purpose credit card or charge card,Problem with a purchase shown on your statement,Card was charged for something you did not purchase with the card,,,Baird Home Corporation,HI,96789,Older American,Web,2026-07-14 02:22:41+00:00,Untimely response,No,24161569,True,False,Credit card::Problem with a purchase shown on your statement
2026-07-13 19:54:19+00:00,Checking or savings account,Checking account,Problem with a lender or other company charging your account,Money was taken from your account on the wrong day or for the wrong amount,,,Klarna AB,FL,336XX,,Web,2026-07-13 20:13:41+00:00,Closed with monetary relief,No,24147588,True,False,Checking or savings account::Problem with a lender or other company charging your account
2026-07-11 17:03:07+00:00,Checking or savings account,Other banking product or service,Problem with a lender or other company charging your account,Transaction was not authorized,,,"DailyPay, Inc",NV,89169,,Web,2026-08-03 17:34:24+00:00,Closed with explanation,No,24106199,True,False,Checking or savings account::Problem with a lender or other company charging your account
2026-07-11 07:00:44+00:00,"Money transfer, virtual currency, or money service",Mobile or digital wallet,"Managing, opening, or closing your mobile wallet account",,,,"Block, Inc.",MI,48180,,Web,2026-07-11 07:11:17+00:00,Closed with explanation,No,24099568,True,False,"Money transfer, virtual currency, or money service::Managing, opening, or closing your mobile wallet account"
2026-07-11 00:59:41+00:00,Credit card,General-purpose credit card or charge card,"Other features, terms, or problems",Other problem,,,ROBINHOOD MARKETS INC.,WA,981XX,,Web,2026-07-11 01:18:05+00:00,Closed with explanation,No,24092974,True,False,"Credit card::Other features, terms, or problems"
2026-07-10 23:12:44+00:00,Checking or savings account,Checking account,Managing an account,Problem using a debit or ATM card,,,"Capital Accounts, LLC",IL,60624,,Web,2026-07-11 00:13:02+00:00,Untimely response,No,24090281,True,False,Checking or savings account::Managing an account
2026-07-10 20:43:03+00:00,Checking or savings account,Savings account,Problem with a lender or other company charging your account,Transaction was not authorized,,,Payward Ventures Inc. dba Kraken,CA,92308,,Web,2026-07-10 21:17:29+00:00,Untimely response,No,24085324,True,False,Checking or savings account::Problem with a lender or other company charging your account
2026-07-10 19:42:41+00:00,Credit card,General-purpose credit card or charge card,"Other features, terms, or problems",Other problem,,,"Snap US Holdings, LLC",WA,98662,Servicemember,Web,2026-07-29 13:30:55+00:00,Untimely response,No,24081558,True,False,"Credit card::Other features, terms, or problems"
2026-07-10 16:19:07+00:00,"Money transfer, virtual currency, or money service",Mobile or digital wallet,Unauthorized transactions or other transaction problem,,,,"Block, Inc.",TX,757XX,,Web,2026-07-10 16:26:28+00:00,Closed with explanation,No,24073027,True,False,"Money transfer, virtual currency, or money service::Unauthorized transactions or other transaction problem"
2026-07-10 04:42:05+00:00,"Money transfer, virtual currency, or money service",Mobile or digital wallet,Trouble accessing funds in your mobile or digital wallet,,,,ROBINHOOD MARKETS INC.,CA,94306,,Web,2026-07-10 05:22:35+00:00,Closed with explanation,No,24058126,True,False,"Money transfer, virtual currency, or money service::Trouble accessing funds in your mobile or digital wallet"
2026-07-09 22:27:38+00:00,"Money transfer, virtual currency, or money service",Virtual currency,Fraud or scam,,,,"DApps Platform, Inc.",NJ,07740,Older American,Web,2026-07-09 22:56:15+00:00,Closed with explanation,No,24047522,True,False,"Money transfer, virtual currency, or money service::Fraud or scam"
2026-07-09 20:21:28+00:00,Checking or savings account,Checking account,Managing an account,Problem making or receiving payments,,,Alliance Capital Corp.,MN,56062,Older American,Web,2026-07-09 20:39:19+00:00,Untimely response,No,24041666,True,False,Checking or savings account::Managing an account
2026-07-09 19:54:37+00:00,Checking or savings account,Checking account,Managing an account,Deposits and withdrawals,,,Conduent Incorporated,AZ,864XX,,Web,2026-07-09 20:29:11+00:00,Untimely response,No,24041251,True,False,Checking or savings account::Managing an account
2026-07-08 18:30:02+00:00,"Money transfer, virtual currency, or money service",Domestic (US) money transfer,Money was not available when promised,,,,"DailyPay, Inc",CA,91320,,Web,2026-08-03 17:34:24+00:00,Closed with explanation,No,23992479,True,False,"Money transfer, virtual currency, or money service::Money was not available when promised"
2026-07-08 02:00:17+00:00,"Money transfer, virtual currency, or money service",Virtual currency,Fraud or scam,,,,"CoinZoom, Inc.",CA,92543,,Web,2026-07-08 02:13:41+00:00,Untimely response,No,23966846,True,False,"Money transfer, virtual currency, or money service::Fraud or scam"
2026-07-07 21:35:21+00:00,Credit card,General-purpose credit card or charge card,Problem with a purchase shown on your statement,Credit card company isn't resolving a dispute about a purchase on your statement,"This is a new escalation regarding Bank of America 's systemic failure to properly investigate a credit card dispute and their refusal to provide required documentation. Please link this to my previous closed complaints. 

Bank of America closed my previous dispute claiming the merchant provided 'documentation of service. ' This is completely false. The merchant, Vinyl Me Please, entered liquidation bankruptcy in XXXX and its assets were acquired by XXXX XXXX On XX/XX/year>, they ran an unauthorized XXXXrenewal for {$520.00} against my credit card ending in XXXX. I explicitly withdrew my consent and cancelled this service long before this charge occurred. A merchant running a card after consent has been explicitly revoked is committing fraud. 

I have formally reported this corporate fraud to the XXXX XXXX Police Department under XXXX XXXXXXXX XXXX  Number XXXX. 

Bank of America is accepting an automated, computer-generated system invoice as 'proof ' of a contract while ignoring a formal law enforcement report. Furthermore, Bank of America is violating federal regulations by failing to provide me with the exact copies of the merchant documentation they used to deny my claim. I demand a manual review by an executive compliance officer and immediate access to the merchant 's alleged evidence.",,"BANK OF AMERICA, NATIONAL ASSOCIATION",CA,94133,,Web,2026-07-07 21:51:55+00:00,Untimely response,No,23958904,True,False,Credit card::Problem with a purchase shown on your statement
2026-07-07 20:06:59+00:00,Checking or savings account,Checking account,Problem with a lender or other company charging your account,Transaction was not authorized,"On XX/XX/XXXX, I received a call from XXXX from First Foundation Bank in XXXX XXXX XXXX  at XXXX. ( First Foundation Bank was recently acquired by XXXX XXXX  ) She informed me that there were several transactions made on my debit card from my checking account that appeared fraudulent and asked me to confirm the transactions. I told her I was at work and did not make any of the transactions she listed. I checked my wallet, and the debit card was still there ; so it wasn't lost or stolen. Somebody must have gotten a hold of my cards info, and used it to make these purchases. She immediately froze my debit card and asked me to come in to go over everything. 
On XX/XX/XXXX, I went into the bank and XXXX showed me the transactions in question. Most of the transactions did not go through. Unfortunately, one transaction from XX/XX/XXXX, for {$990.00} from XXXX XXXX did go through. XXXX then helped me to file a fraud claim that same day, claim number XXXX. The money was provisionally credited back to my account. 
On XX/XX/XXXX, I noticed while checking my account through the bank App, that the provisional credit of {$990.00} was reversed. The bank did not give me any notification prior to reversing the credit. I immediately went back to the bank and spoke to XXXX that same day. She looked up my account; and confirmed that they did not give me any notice prior to removing money from my account ; and that the fraud claim was denied. She printed out the bank 's paperwork from their investigation, and informed me that the fraud occurred at the XXXX XXXX in XXXX XXXXXXXX XXXX. She informed me that the next step was to submit a second claim and recommended filing a police report. I went home and reviewed the paperwork she had given me. I discovered that the bank has the original order from XXXX XXXX which says the shipping address where the merchandise was shipped. That information is redacted in the version they gave me ; but they should be able to see that the shipping address doesn't match my own address. I can see that the person who committed the fraud used my correct mailing address in the payment information. They also had my correct email address, and correct phone number. They also claim that there was an email verification ; but I've checked my email and there is nothing there from XXXX XXXX. 
On XX/XX/XXXX, I called XXXX and informed her that I would like to do a second claim ; which she filed for me on XX/XX/XXXX. 
I filed a police report for this claim on XX/XX/XXXX with XXXX  XXXX from the XXXX XXXX Police Department, incident report # XXXX. I also noticed in the bank 's paperwork for the investigation that the XXXX address they list the transaction coming from does not match the IP address on my phone or work computer. These are the only devices I have access to ; which should show it was not possible to me to have made this transaction. On XX/XX/XXXX, I went back to the bank and gave the police report number and IP address information to XXXX ; who immediately faxed the new information to their fraud department. This purchase was also made on a day that I was at work in XXXXXXXX XXXX. My employer has the work records, and cameras verifying that I was at work that day making it impossible for me to have made the transaction. 
It has now been around XXXX  months since I reported the fraud, but the bank still has not credited the money back to my account. I am attaching all of the paperwork the bank has given me to this report.",,FIRST FOUNDATION INC.,CA,923XX,,Web,2026-07-07 20:12:54+00:00,Untimely response,No,23953994,True,False,Checking or savings account::Problem with a lender or other company charging your account
2026-07-07 14:13:04+00:00,Credit card,Store credit card,Closing your account,Can't close your account,,,"Imprint Payments, Inc.",TX,78641,,Web,2026-07-07 14:39:54+00:00,Untimely response,No,23938885,True,False,Credit card::Closing your account
2026-07-07 10:51:08+00:00,Credit card,Store credit card,Problem with a purchase shown on your statement,Credit card company isn't resolving a dispute about a purchase on your statement,,,SYNCHRONY FINANCIAL,NJ,08844,,Web,2026-07-07 11:56:05+00:00,Untimely response,No,23934972,True,False,Credit card::Problem with a purchase shown on your statement
2026-07-07 09:31:12+00:00,"Money transfer, virtual currency, or money service",Foreign currency exchange,Problem with customer service,,"On XX/XX/XXXX and and XXXX XXXX, a deposit of {$1700.00} was initiated to the financial platform Juice Global Inc. ( operating as XXXX ). From my XXXX account to the account number Account Name : XXXX XXXX Account Number : XXXX Bank Name : XXXX XXXX Bank Address : XXXX XXXX XXXX, XXXX XXXX MO XXXX, US Routing Number : XXXX Branch Code : XXXX Full Name : XXXX XXXX XXXX Account/User ID : XXXX The platform failed to credit the deposit and explicitly committed to a XXXX-business-day maximum timeline to process a full refund reversal. This timeline has been severely breached. The company 's compliance team has completely ignored formal email escalations, and XXXX XXXX representatives inside the mobile application have actively deleted chat transcripts during the active transaction dispute to conceal communication records and avoid accountability. The company continues to unlawfully withhold these consumer funds without explanation.",,"Juice Global, Inc.",MD,21234,,Web,2026-07-07 09:52:04+00:00,Untimely response,No,23933154,True,False,"Money transfer, virtual currency, or money service::Problem with customer service"
2026-07-07 09:27:28+00:00,"Money transfer, virtual currency, or money service",Domestic (US) money transfer,Other transaction problem,,I am having issues with my ways to go card login. I deal with this every month when trying to access my child support. I live in Georgia,,Conduent Incorporated,GA,31312,,Web,2026-07-07 09:35:50+00:00,Untimely response,No,23932929,True,False,"Money transfer, virtual currency, or money service::Other transaction problem"
2026-07-07 04:57:09+00:00,Credit card,Store credit card,"Advertising and marketing, including promotional offers",Didn't receive advertised or promotional terms,,,SYNCHRONY FINANCIAL,CA,92123,,Web,2026-07-07 05:18:51+00:00,Untimely response,No,23928581,True,False,"Credit card::Advertising and marketing, including promotional offers"
2026-07-06 21:41:30+00:00,Credit card,General-purpose credit card or charge card,Problem with a purchase shown on your statement,Card was charged for something you did not purchase with the card,"I have a Current credit card and I use that credit card to get rentals when I needed it. I had got a rental from XXXX in XX/XX/XXXX and found out my license was suspended like a week after getting the rental and pay for the rental up into XX/XX/XXXX, so therefore the car had to get towed back to the airport and when the car got towed back, they refunded me my money for the days that I could not use after that XXXX months later from the same little company I started getting charges on my card and when I try to dispute the charges, I am getting denied by Current because theres they say that they see no error and when I try to appeal, the dispute, they denial when I opened up the dispute they denied it in one day after me showing proof picture evidence of my last rental. The last time I had a rental my drivers license when they suspended my license proof from the XXXX  of XXXX that my license was suspended from XXXX all the way into XXXX of this year proof of my statements showing that I was built twice and being double bill proof of the refund that I got, I have proof of everything that I told, and they still choose to deny",,FinCo Services Inc DBA Current,MI,48223,,Web,2026-07-06 22:02:28+00:00,Untimely response,No,23916364,True,False,Credit card::Problem with a purchase shown on your statement
2026-07-06 21:04:52+00:00,Checking or savings account,Savings account,Closing an account,Can't close your account,I already told this company to close my account and stop contacting me about statements! I demand them to follow this instruction!,,"Brightside Benefit, Inc.",MD,20902,,Web,2026-07-06 21:28:41+00:00,Untimely response,No,23914918,True,False,Checking or savings account::Closing an account
2026-07-06 18:35:31+00:00,Credit card,Store credit card,Closing your account,Company closed your account,"I am filing this complaint against Synchrony Bank regarding my Walmart OnePay credit account ending in XXXX, which was closed after XXXX returned payments caused by what appears to be a payment-account error within the XXXX app. 

I opened the Walmart OnePay account on or about XX/XX/year>, with a {$5000.00} credit limit. This was my XXXX  Synchrony account, and my other Synchrony accounts remain in good standing. My normal payment account is my XXXX checking account ending in XXXX, which I use successfully with Synchrony and other creditors. 

After opening the account, I began making early weekly payments before any statement had generated and before any payment was due. My goal was to keep the balance low and manage the account responsibly. 

On or about XX/XX/year>, I scheduled an early payment through the OnePay app. I entered my XXXX account ending in XXXX. On or about XX/XX/XXXX, I scheduled another weekly payment. Both payments were approximately {$160.00}. 

On or about XX/XX/XXXX, while attempting to make another early payment, I noticed XXXX of the payments had not cleared and contacted Synchrony. I was told the XX/XX/XXXX payment was being returned because the account could not be located. Synchrony referenced a payment account ending in XXXX, which is not my account and is not an account I authorized or intended to use. 

I immediately corrected the payment information by phone and asked that the incorrect account be removed. At that time, only XXXX payment had returned. The second payment had not yet returned, but I addressed the issue as soon as I became aware of it and replaced the payments promptly. This occurred before my first statement had generated and before any payment was due. 

Despite this, Synchrony later closed my account on or about XX/XX/year>, citing XXXX returned payments. 

I believe this closure was unfair and based on a payment-system error, not customer neglect, insufficient funds, or unwillingness to pay. My XXXX account ending in XXXX had sufficient funds during the relevant period. I have documentation showing that the account was funded. 

I also have screenshots showing a continuing inconsistency between Synchronys payment interface and the OnePay app. Synchronys interface correctly shows my XXXX account ending in XXXX. However, the OnePay app still shows a linked bank account ending in XXXX, even after I was told the incorrect account had been removed. This supports my concern that the returned payments were caused by a OnePay app synchronization, persistence, or payment-profile error. 

The XXXX returned payments should not be treated as XXXX separate payment failures. They resulted from the same payment-account mismatch within the same short window, while I was making proactive weekly payments before any statement payment was due. 

This account closure has already harmed my credit profile by removing {$5000.00} in available credit, increasing my credit utilization, and reporting the account as closed. 

I am requesting that Synchrony Bank investigate the payment-account error, review the OnePay app records and account notes, correct any inaccurate internal or credit reporting, and reopen my Walmart OnePay account. I am also requesting that Synchrony preserve and review all payment setup records, call notes, ACH/payment authorization records, returned-payment records, and system logs showing what payment account was entered, stored, displayed, changed, transmitted, or processed. 

I am attaching screenshots showing that Synchronys own payment interface and the Walmart OnePay app display different payment accounts for the same Synchrony-managed Walmart OnePay account at the time of this filing. Telephone Customer service had handled this directly. I logged in today for the XXXX  time since I switched to managing my account directly through the Syncrony site and app rather than their OnePay app due to the XXXX  issue.I also have a bank statement that clearly shows I funded these payments in the correct account at the time they were made with a balance that reflects this. I wasn't sure if I should attach that to this report or not but will if requested. 

Synchronys interface shows my correct XXXX checking account ending in XXXX. However, the Walmart OnePay app still shows a linked bank account ending in XXXX, which is not my account and is the account associated with the returned-payment issue. I can only assume as a consumer that all apps and resources are synched as when the account was closed, it was reflected in the OnePay app, The Synchrony app, and the Walmart app had removed the card as well. If these can synch, I'd imagine there has to be an issue with the payment system to some degree and continue to blame the technology for having a rogue account as I SIMPLY DID NOT ENTER AN ACCOUNT NUMBER I DON'T HAVE OR OWN. ( XXXX  : Once to enter it and a XXXX time to confirm, when I use the SAME ACCOUNT FOR ALL CREDIT CARDS and source it from a text file on my desktop called CC PAYMENT INFO which only contains the Bank Name, Account and Routing numbers. ) This is important because the returned payments were scheduled through the OnePay app, not Synchronys regular payment interface. The fact that OnePay still displays the incorrect XXXX account after I was told it had been removed supports my position that this was a OnePay/Synchrony system mismatch, synchronization issue, or payment-profile persistence error.",,SYNCHRONY FINANCIAL,FL,32225,,Web,2026-07-06 18:51:06+00:00,Untimely response,No,23907770,True,False,Credit card::Closing your account
2026-07-06 14:51:25+00:00,Checking or savings account,Other banking product or service,Closing an account,Can't close your account,"I got a loan from Lendly around XX/XX/XXXX sometime in XX/XX/XXXX, I realize that my balance wasnt going down at all. So I called the company and they stated that only XXXX percent of my payment was going towards the principle of the loan. I was really just paying fees which I didnt understand so I asked for the account to be closed and I paid the balance in full, the account was never closed and I just found that out recently because there was a hit to my credit report I was in Collections for {$19.00}. I would have never jeopardize my credit score for {$19.00}. It dropped over XXXX points for them reporting something that was already paid so when I spoke to them today, they said that it was never closed back when I called because I was in the middle of the billing cycle which again I dont understand because why am I in a billing cycle if I asked you to close my account and I paid you in full I want this taken care of. I was in the process of trying to buy a new home and I need a different vehicle and this is just a hindrance.",,"Round Up Ventures, L.P.",IN,47304,,Web,2026-07-06 15:10:16+00:00,Closed with explanation,No,23898360,True,False,Checking or savings account::Closing an account
2026-07-05 18:45:36+00:00,Checking or savings account,Checking account,Managing an account,Funds not handled or disbursed as instructed,"I filed a dispuse with XXXX  they told me since the bank will be closing they are gon na mail me a check because I won the dispute case, back in XXXX now its XXXX which they told me I should receive my check and I didnt, at first it was in the balance till recently I called and the balance was XXXX Ive emailed them abs called and cant get should of no one",,CARD Corporation,TX,77571,,Web,2026-07-05 18:50:40+00:00,Untimely response,No,23883469,True,False,Checking or savings account::Managing an account
2026-07-05 06:30:48+00:00,Credit card,General-purpose credit card or charge card,Problem with a purchase shown on your statement,Credit card company isn't resolving a dispute about a purchase on your statement,,,Servicer under contract with Federal Student Aid,AK,99504,,Web,2026-08-03 18:57:57+00:00,Untimely response,No,23878344,True,False,Credit card::Problem with a purchase shown on your statement
2026-07-04 14:42:45+00:00,Checking or savings account,Checking account,Closing an account,Funds not received from closed account,,,FinCo Services Inc DBA Current,MI,48532,,Web,2026-07-04 14:47:39+00:00,Untimely response,No,23870153,True,False,Checking or savings account::Closing an account
2026-07-04 13:54:19+00:00,"Money transfer, virtual currency, or money service",Mobile or digital wallet,Trouble accessing funds in your mobile or digital wallet,,,,"Payactiv, Inc.",FL,33803,,Web,2026-07-04 14:09:11+00:00,Closed with explanation,No,23869676,True,False,"Money transfer, virtual currency, or money service::Trouble accessing funds in your mobile or digital wallet"
2026-07-04 10:25:48+00:00,"Money transfer, virtual currency, or money service",Mobile or digital wallet,Unauthorized transactions or other transaction problem,,,,"Block, Inc.",VA,22601,Older American,Web,2026-07-04 10:50:01+00:00,Closed with explanation,No,23867289,True,False,"Money transfer, virtual currency, or money service::Unauthorized transactions or other transaction problem"
2026-07-03 23:51:25+00:00,Checking or savings account,Other banking product or service,Closing an account,Funds not received from closed account,,,"Block, Inc.",GA,31705,Older American,Web,2026-07-04 00:09:31+00:00,Closed with explanation,No,23858308,True,False,Checking or savings account::Closing an account
2026-07-03 21:54:28+00:00,Credit card,Store credit card,Fees or interest,Charged too much interest,,Company has responded to the consumer and the CFPB and chooses not to provide a public response,SYNCHRONY FINANCIAL,TX,75252,,Web,2026-07-03 22:01:51+00:00,Closed with explanation,No,23854773,True,False,Credit card::Fees or interest
2026-07-03 21:25:46+00:00,Credit card,General-purpose credit card or charge card,Problem with a purchase shown on your statement,Credit card company isn't resolving a dispute about a purchase on your statement,,,"Imprint Payments, Inc.",CA,95134,,Web,2026-07-03 22:01:21+00:00,Untimely response,No,23854757,True,False,Credit card::Problem with a purchase shown on your statement
2026-07-03 21:23:57+00:00,"Money transfer, virtual currency, or money service",International money transfer,Other service problem,,,,WorldRemit Corp.,SC,295XX,,Web,2026-07-03 21:44:40+00:00,Untimely response,No,23854162,True,False,"Money transfer, virtual currency, or money service::Other service problem"
2026-07-03 18:10:25+00:00,Credit card,General-purpose credit card or charge card,Problem when making payments,Problem during payment process,,Company has responded to the consumer and the CFPB and chooses not to provide a public response,SYNCHRONY FINANCIAL,NY,11727,,Web,2026-07-03 18:15:10+00:00,Closed with monetary relief,No,23845256,True,False,Credit card::Problem when making payments
2026-07-03 16:45:26+00:00,"Money transfer, virtual currency, or money service",Virtual currency,Money was not available when promised,,"CONSUMER COMPLAINT : CONCLUDED HOLD PERIOD & REFUSAL TO RECOVER ACCOUNT FOLLOWING TAKE OVER I am filing a formal complaint against Airtm Inc. for the wrongful withholding of my digital assets following the expiration of a mandatory XXXX administrative hold, as well as a failure to facilitate identity-based account recovery after a documented security breach. 

XXXX. Timeline of Events : On XX/XX/year>, a legitimate deposit of {$10000.00} XXXX originating from my XXXX contract earnings via XXXX was credited to my Airtm account. 

On XX/XX/year>, my account parameters were compromised via an unauthorized third-party email address ( XXXX XXXX XXXX XXXX XXXX XXXX XXXX XXXX XXXXXXXX ). The unauthorized party successfully withdrew {$2500.00} XXXX without my consent before the account could be restricted. 

On XX/XX/year>, Airtm XXXX explicitly flagged this unrecognized email address to me. I responded immediately, confirming that I do not recognize the address, and formally requested identity-based account recovery. 

On XX/XX/year>, Airtm XXXX issued a final administrative notice stating that the remaining funds would be frozen for a period of XXXX calendar days, ending on XX/XX/year>. 

XXXX. The Current Violation : The XXXX indemnity hold dictated by Airtm has officially expired XXXX My remaining balance of {$2600.00} XXXX is still held by the platform. When I contacted customer support to initiate identity verification ( offering my government-issued photo ID and a live selfie ) to reclaim my funds, Airtm automatically closed my tickets. They refuse to assist me on the grounds that I am not writing from the "" registered email address '' which is impossible because the hacker altered the primary email address during the account takeover. 

Airtm XXXX  automated customer service policies are actively blocking the legitimate consumer while protecting the unauthorized hacker 's altered details. I demand that XXXX  corporate compliance team overrides the fraudulent email address, reviews my official identity verification documents, and securely releases my remaining {$2600.00} XXXX balance to me immediately, alongside a formal fraud investigation review regarding the stolen {$2500.00} XXXX.",,Airtm Inc.,OR,97305,,Web,2026-07-03 17:14:15+00:00,Closed with explanation,No,23843183,True,False,"Money transfer, virtual currency, or money service::Money was not available when promised"
2026-07-02 18:54:24+00:00,Checking or savings account,Checking account,Problem caused by your funds being low,Overdrafts and overdraft fees,"I am not signed up with my banking Institute, which is Academy Bank for insufficient funds. I have not signed anything. They keep doing this and every time I remind them that I do not have that these are automatic payment if the money is not there, they dont pay it. I dont have over protection Ive not signed up for it. This is the fourth time that theyve done this and then charge me in this NSF fees of {$20.00} and then I have to contact them and tell them to refund it because its against the law they have but its getting out of control for me to have to keep reminding them that theres nothing on paper that Ive signed for them to do this. I dont know why they keep doing this. Ive been with them for 10 years and is getting out of control and then this time they said oh you know everythings correct no its not because you have nothing saying that I signed up for this so I told him last time and the time before I was gon na report him and this time Im so mad because Im still fighting with them today and now I have to go down and take my day off to go and deal with this. They have nothing saying that they can do this and they keep doing it. Theyre direct or automatic payments withdrawal of the money is not there. You dont pay it. Thats the law.",,Academy Mortgage Corporation,CO,80013,,Web,2026-07-02 19:02:17+00:00,Untimely response,No,23807605,True,False,Checking or savings account::Problem caused by your funds being low
2026-07-02 09:26:39+00:00,Checking or savings account,Checking account,Managing an account,Banking errors,"I am filing a complaint against Current regarding their failure to properly investigate a Regulation XXXX billing error, as well as deceptive marketing practices regarding their direct deposit overdraft limits. 

BILLING ERROR DISPUTE FAILURE : On XX/XX/XXXX and XX/XX/year>, I was charged {$50.00} twice by a merchant named XXXX for an account tier upgrade that I never received ( in total, I was overcharged multiple times this month while my account stayed at the {$20.00} tier ). I provided Current with screenshot proof showing my account remained at the lower tier and that the merchant overcharged me for services not rendered. I disputed these charges totaling {$100.00}. Current closed the dispute on XX/XX/year> ( Claim IDs : XXXX and XXXX ) stating "" No error found '' because the billing name matched and there was "" No evidence of account compromise. '' Current incorrectly investigated this as a stolen identity/unauthorized access claim rather than a billing error for unfulfilled services, completely ignoring my evidence and violating their obligation to properly investigate a billing error under Regulation XXXX. 

DECEPTIVE OVERDRAFT MARKETING : Current heavily marketed an overdraft feature "" up to {$750.00} '' if a customer sets up direct deposit. I set up my qualifying direct deposit, yet I was only granted a {$25.00} limit. Furthermore, the app continuously sends me automated prompts to "" add direct deposit to increase the amount, '' ignoring the fact that my direct deposit is already active. This is a misleading tactic used to lure in deposits without providing the advertised financial features.",,FinCo Services Inc DBA Current,IL,61032,,Web,2026-07-02 09:46:17+00:00,Untimely response,No,23789794,True,False,Checking or savings account::Managing an account
2026-07-02 04:26:46+00:00,"Money transfer, virtual currency, or money service",Virtual currency,Money was not available when promised,,,,Abra,,XXXXX,,Web,2026-07-02 04:38:49+00:00,Untimely response,No,23783893,True,False,"Money transfer, virtual currency, or money service::Money was not available when promised"
2026-07-02 03:33:24+00:00,"Money transfer, virtual currency, or money service",International money transfer,Other transaction problem,,,,Pomelo Technology US Inc,KS,66223,,Web,2026-08-21 18:03:08+00:00,Untimely response,No,23782574,True,False,"Money transfer, virtual currency, or money service::Other transaction problem"
2026-07-02 00:56:51+00:00,"Money transfer, virtual currency, or money service",Mobile or digital wallet,Unauthorized transactions or other transaction problem,,"On XX/XX/year>, I accepted payment through Square for professional XXXX XXXX  services. The client received the contracted services and educational materials. 

The client disputed the payment on XX/XX/year>. I responded on XX/XX/year>, providing extensive documentation supporting the transaction, including invoices, agreements, email correspondence, calendar invitations, and records demonstrating that the services were provided and the purchased materials were delivered. Square later requested additional information on XX/XX/year>, which I also promptly provided. 

Following the review, the dispute was resolved in my favor on XX/XX/year>. 

On XX/XX/year>, the cardholder re-disputed the payment. I again submitted a complete response on XX/XX/year>, including supporting documentation. After the second review, the bank ultimately resolved the dispute in the cardholder 's favor. 

My complaint is not simply that the outcome changed. My concern is that Square has not provided any meaningful explanation of why my Seller Protection claim was denied after I submitted substantial evidence on two separate occasions. I requested clarification regarding which Seller Protection requirement I allegedly failed to satisfy, what evidence was considered insufficient, and whether any additional documentation could have changed the outcome. I was informed there would be no further review or appeal. 

I am requesting that Square conduct an executive-level review of this matter, provide a written explanation identifying the specific basis for denying Seller Protection, identify any documentation that was missing or insufficient, and confirm that all evidence submitted during both dispute responses was fully reviewed. As a small business owner, I believe sellers should receive a fair, transparent, and well-explained dispute resolution process.",,"Block, Inc.",WI,53705,,Web,2026-07-02 01:04:36+00:00,Closed with explanation,No,23778972,True,False,"Money transfer, virtual currency, or money service::Unauthorized transactions or other transaction problem"
2026-07-02 00:46:50+00:00,Credit card,Store credit card,"Advertising and marketing, including promotional offers",Didn't receive advertised or promotional terms,"I financed a {$2000.00} purchase through XXXX XXXX using a Synchrony Bank credit account. At the time of purchase, I was clearly told I would receive two years with no interest. After only one year, Synchrony began charging me 30 % interest, which was not the promotional term I was promised. 

Because of this unexpected interest, my balance barely decreased even though I have already paid {$1300.00} since XX/XX/year>. My current balance is still {$1500.00}, almost the same as the original amount, due to excessive interest charges that should not have been applied under the advertised promotion. 
In addition, Synchrony enrolled me in Autopay and sent me a written letter stating that a specified payment amount would be deducted each month. However, the Autopay withdrawals were inconsistent and incorrect, with amounts such as {$67.00}, {$63.00}, {$64.00}, {$62.00}, {$63.00}, {$45.00}, and {$50.00}. These inconsistent Autopay amounts violated the written terms Synchrony provided and made it impossible for me to track my payments or understand my balance. 

I contacted Synchrony Bank to request clarification of the promotional terms and asked why interest was added early. I also informed them that I am currently unemployed and asked if they could offer any assistance, correction, or a reasonable settlement. Despite this, Synchrony refused to provide the promotional information I requested, did not offer any hardship options, and declined my lumpsum settlement request. 

I am filing this complaint because I did not receive the advertised promotional terms, and the interest charges applied were misleading, unfair, and financially harmful. I am paying off the balance to end the situation, but I want this issue investigated because the promotional offer I relied on was not honored and Synchrony did not provide any support when I requested help.",Company has responded to the consumer and the CFPB and chooses not to provide a public response,SYNCHRONY FINANCIAL,TX,75082,,Web,2026-07-02 01:22:38+00:00,Closed with explanation,No,23779447,True,False,"Credit card::Advertising and marketing, including promotional offers"
2026-07-02 00:39:40+00:00,Credit card,General-purpose credit card or charge card,Fees or interest,Charged too much interest,,Company has responded to the consumer and the CFPB and chooses not to provide a public response,SYNCHRONY FINANCIAL,PA,18102,,Web,2026-07-02 00:54:31+00:00,Closed with explanation,No,23778720,True,False,Credit card::Fees or interest
2026-07-02 00:12:15+00:00,Credit card,General-purpose credit card or charge card,Problem with a purchase shown on your statement,Credit card company isn't resolving a dispute about a purchase on your statement,"I had a charge that was charged by XXXX  XXXX  that was canceled and the charge was never refunded back to my account. It was supposed to fall off of pending status and not be charged, but it still went through as sharks. I had the emails from XXXX XXXX saying that the money was supposed to go back onto my account which it never did and I found dispute with Current credit card and they denied it almost 60 days later which I dont understand how they could deny it when I have the emails from XXXX XXXX  stating that the money would be sent back to my account and not charged and the proof that it was canceled so I shouldnt have that charge on my account, but they still took forever to process it and still denied the claim",,FinCo Services Inc DBA Current,IN,46219,,Web,2026-07-02 00:20:10+00:00,Closed with explanation,No,23777802,True,False,Credit card::Problem with a purchase shown on your statement
2026-07-01 23:29:08+00:00,Checking or savings account,Checking account,Managing an account,Deposits and withdrawals,"On XX/XX/year>, the consumer deposited {$500.00} into their active Current deposit account. This specific deposit consisted of critical emergency funds sent directly from the consumer 's father to assist with urgent needs following the recent passing of the consumer 's mother. 

Within exactly XXXX ( XXXX ) minutes of successfully accepting and clearing this emergency deposit, Finco Services ( Current ) terminated all account access, locked the consumer out of the mobile application, and issued a notice of permanent account closure. 

This action is a direct, bad-faith retaliation against the consumer for exercising their consumer rights under the Electronic Fund Transfer Act ( EFTA ) / Regulation E. Prior to this event, the consumer had engaged in an ongoing dispute escalation with Currents dispute operations department regarding documented merchant fraud. Rather than conducting a lawful investigation or adhering to consumer protection standards, Current chose to wait until a substantial, vital emergency deposit cleared, immediately intercepted the funds, and permanently severed the consumers access to their money. 

Severe Consumer Harm & Regulatory Violations : Unfair, Deceptive, or Abusive Acts or Practices ( UDAAP ) : Current has caused severe, immediate financial distress by intentionally locking away emergency funds meant for family stability following a bereavement. Accepting a consumer 's emergency deposit only to intentionally freeze access XXXX seconds later constitutes a highly predatory and abusive practice. Regulation E / EFTA Violations : Current is using an administrative "" permanent closure '' to evade its federal regulatory obligations to properly investigate and resolve an open merchant fraud dispute. By locking the mobile interface, they have stripped the consumer of their right to submit documentation and communicate with the institution. Improper Withholding of Funds : While Current 's written notice claims the account will be finalized within 10 days, the sudden, immediate lockout without providing an immediate mechanism to liquidate or transfer out the fresh {$500.00} emergency deposit is unlawful.",,FinCo Services Inc DBA Current,IA,52402,Servicemember,Web,2026-07-02 00:12:20+00:00,Closed with explanation,No,23777406,True,False,Checking or savings account::Managing an account
2026-07-01 19:18:21+00:00,Checking or savings account,Checking account,Problem with a lender or other company charging your account,Transaction was not authorized,"On XX/XX/XXXX at XXXX XXXX, an unauthorized debit card charge of {$95.00} was made to my account. I immediately filed a formal dispute with my bank, CURRENT .The bank conducted an initial review but denied my claim.Following their denial, I contacted the merchant responsible for the charge. ( total wireless ) The merchant verbally confirmed that the transaction was fraudulent and that I have no relationship with them. However, they refused to issue a written statement because I am not a customer.To prove the fraud, I filed an official Arizona Police Report and an FTC Identity Theft Report. I submitted both official law enforcement documents to the bank for an appeal. Shockingly, the bank rejected them, stating these government reports were 'not valid ' proof. The bank is refusing to appeal my case and demanding impossible-to-obtain documentation from the merchant, directly violating my rights under Regulation E.",,FinCo Services Inc DBA Current,AZ,85364,,Web,2026-07-01 19:34:41+00:00,Closed with monetary relief,No,23765986,True,False,Checking or savings account::Problem with a lender or other company charging your account
2026-07-01 06:00:39+00:00,Credit card,General-purpose credit card or charge card,Problem with a company's investigation into an existing problem,Their investigation did not fix an error on your report,,,United PanAm Financial Corp.,CA,94591,,Referral,2026-07-02 13:40:11+00:00,Closed with explanation,No,23793716,True,False,Credit card::Problem with a company's investigation into an existing problem
2026-06-30 22:30:54+00:00,Checking or savings account,Checking account,Managing an account,Deposits and withdrawals,,,FinCo Services Inc DBA Current,KY,42303,,Web,2026-06-30 22:49:41+00:00,Closed with explanation,No,23732087,True,False,Checking or savings account::Managing an account
2026-06-30 20:57:15+00:00,Credit card,Store credit card,Problem with a purchase shown on your statement,Credit card company isn't resolving a dispute about a purchase on your statement,,Company has responded to the consumer and the CFPB and chooses not to provide a public response,SYNCHRONY FINANCIAL,NV,89015,,Web,2026-06-30 21:49:01+00:00,Closed with monetary relief,No,23729775,True,False,Credit card::Problem with a purchase shown on your statement
2026-06-30 20:25:08+00:00,Checking or savings account,Checking account,Managing an account,Problem using a debit or ATM card,,,FinCo Services Inc DBA Current,SC,298XX,,Web,2026-06-30 21:09:30+00:00,Untimely response,No,23727899,True,False,Checking or savings account::Managing an account
2026-06-30 18:50:24+00:00,Credit card,General-purpose credit card or charge card,Problem with a purchase shown on your statement,Credit card company isn't resolving a dispute about a purchase on your statement,,,Greyhound Capital Group LLC,IL,61821,,Web,2026-06-30 19:04:47+00:00,Untimely response,No,23721757,True,False,Credit card::Problem with a purchase shown on your statement
2026-06-30 18:34:33+00:00,Checking or savings account,Checking account,Problem with a lender or other company charging your account,Transaction was not authorized,,,FinCo Services Inc DBA Current,OK,73169,,Web,2026-06-30 19:01:15+00:00,Untimely response,No,23721589,True,False,Checking or savings account::Problem with a lender or other company charging your account
2026-06-30 16:41:26+00:00,Checking or savings account,Other banking product or service,Problem with a lender or other company charging your account,Transaction was not authorized,"On or around XXXX XXXX I went to the gas station to use my card to get gas. I have an account with chime that I opened personally. My card was declined but I knew I had money in that account. I then checked my mobile banking app and realized {$900.00} had been transferred out of my account. I did a little research found out it was transferred to Current. I had no idea what current was. I then did an online search realizing current was another mobile banking app. I filed a dispute immediately with chime and they closed my account and denied my dispute. I then went to XXXX XXXX Police department and filed a police report. I then filed another dispute with XXXX  and it was denied. In the first week of XXXX I then received a letter in the mail from current bank at my mother 's address with my name on it as XXXX XXXX. I then immediately downloaded the mobile app to check that account because there was a credit card in the envelope that came in the mail. It had a balance of a few dollars. I immediately spoke to and representative of current bank filed a dispute and they closed the account and denied my dispute. It has been absolutely impossible to get a hold of anybody who works for current bank and I have had no way to dispute anything further. I did not open the account, I have no idea who did open the account. Current bank refuses to give me any information because I don't have a warrant. All I know is {$900.00} was stolen from me, I did not open this account, it's not even in my name or the address that I live at associated with the account, and from what I noticed when I was able to access the mobile banking app it's not even my email address associated with the account. I am trying desperately to get them to reimburse me but conveniently enough there is no way to get a hold of anybody who works for that bank.",,FinCo Services Inc DBA Current,WV,262XX,,Web,2026-06-30 17:29:54+00:00,Closed with explanation,No,23717125,True,False,Checking or savings account::Problem with a lender or other company charging your account
2026-06-30 14:42:44+00:00,Credit card,General-purpose credit card or charge card,Problem with a purchase shown on your statement,Card was charged for something you did not purchase with the card,"I recently noticed a balance of {$75.00} representing XXXX transactions of {$5.00} on XX/XX/year> and {$69.00} on XX/XX/year>. I called Synchrony Bank that handled my Paypal mastercard to ask how this happened since the card had been locked since XX/XX/year> weekend with XXXX balance. I was advised that when I locked the card, it only locked the physical card and did not stop online purchases from being processed. I suggested to them that this was misleading and a false sense of security to the consumer because how are we to know that what we thought was safeguarding really had little effect. I was told that the customer must call and have the company manually freeze the account therefore having to call back to unfreeze it when I wanted to use. My issue is it takes far too long to get through their automated system to a live person and secondly, the agent could not point me to any information provided to the customer of this process. So I asked how were we to know that we had to call where was it printed so that I could read it. The agent disconnected me at this point. I called back having to go through the automated system again trying to get to a live agent and still did not get a good answer. This is a false sense of security for any customer trying to protect herself from scams or unauthorized purchases. I consistently lock my cards on purpose and only unlock them when Im ready to use them, then I lock them back. I had no idea until yesterday that that did little to Protect me. The {$69.00} charge was made by a company in error. I contacted them and was assured that a credit would be issued. I also asked them how did it happen since I did not order anything. I was told it was an honest mistake and would be corrected promptly. It has been. My problem though is with synchrony bank because the card was locked. I felt the charge shouldve been denied in the first place. Had it been I wouldve been notified that the charge was denied. This did not happen. I frequently check all my accounts on a daily basis and thats how I discovered this issue.",Company has responded to the consumer and the CFPB and chooses not to provide a public response,SYNCHRONY FINANCIAL,TN,38125,Older American,Web,2026-06-30 15:09:09+00:00,Closed with explanation,No,23710159,True,False,Credit card::Problem with a purchase shown on your statement
2026-06-30 13:38:54+00:00,Checking or savings account,Checking account,Managing an account,Deposits and withdrawals,"At XXXX I approached a drive thru ATM for America First Credit Union XXXX located at XXXX XXXX XXXX XXXX XXXX XXXX XXXX XXXX NV. I inserted {$2000.00} to be deposited to my checking account. The ATM took my money but the normal counting sound did not happen. The ATM screen then began to show 'processing '. Then a message appeared on the screen informing me that there is an error and asked me to enter the amount of my deposit. I entered {$2000.00}. Then the ATM printed me a receipt, which instructed me to go to the branch for assistance. After giving me the receipt and my card back, the machine suddenly started to make a counting sound. At the moment, I took out my phone to record what was happening. Then out of nowhere, the deposit area ( which was 99 % closed ) started to attempt and push out some of my money. Using my nails, I was able to recover {$500.00} ( of the $ XXXX ), all of which I have on video camera. Then the ATM continued to make a counting sound. After the sound ceased, I Attempted to access my account and to see if that ATM deposit door would open, it did not. The ATM said that deposits can no longer be made. And when I looked at my account balance, it does not reflect the XXXX deposit. In fact, it reflects no funds being deposited. At this point, I have {$500.00} of my $ XXXX and am missing {$1500.00}. I have video evidence of the issue. In fact, had I not stayed after and recorded the ATM ( following my ATM receipt and card being given back to me ), the ATM would have dispensed the {$500.00} to the subsequent person using that ATM. This is very concerning!",,AMERICA FIRST FEDERAL CREDIT UNION,NV,89123,,Web,2026-06-30 13:51:39+00:00,Closed with explanation,No,23707249,True,False,Checking or savings account::Managing an account
2026-06-30 02:59:59+00:00,Checking or savings account,Checking account,Managing an account,Banking errors,"I am escalating this complaint because XXXX XXXX XXXXCurrents own response confirms a serious Regulation XXXX problem. 

Current admitted that it received my written notice of error on XX/XX/year>2026, but did not process it as a formal dispute until XX/XX/scrub> 2026. The company then attempted to measure its Regulation XXXX timeline from XX/XX/XXXX instead of XX/XX/XXXX. That is the central issue. 

Under Regulation XXXX, XXXX XXXX XXXXXXXX, the investigation and provisional-credit deadlines are triggered when the financial institution receives the consumers notice of error. The rule does not allow a bank or fintech program manager to delay opening the dispute internally and then use that later internal processing date as the legal start date. 

Currents response admits the XX/XX/XXXX dispute was received, but says it was not processed as a formal dispute at that time. That is not a defense. That is the problem. A consumer should not lose Regulation XXXX protections because Current failed to properly process a written dispute it already received. 

Current then denied XXXX claims totaling {$1800.00} on XX/XX/year>2026 and claimed no provisional credit was required because the denial occurred within XXXX business days of XX/XX/XXXX. That position is misleading because XX/XX/XXXX was not the date Current received my notice of error. It was only the date Current finally chose to open the dispute in its system. 

Current also characterized this matter as closed with monetary relief in the amount of {$340.00}. That is misleading. The {$340.00} was only my remaining account balance returned to me by closure check after the account was closed. It was money already owed to me. It was not reimbursement, provisional credit, compensation, or any form of relief for the disputed unauthorized transactions. 

The disputed unauthorized transactions totaling {$1800.00} remain denied. No actual monetary relief was provided for those disputed transactions. 

I am requesting that the CFPB/FDIC review whether XXXX XXXX Bank violated Regulation XXXX, including XXXX XXXX XXXX, by failing to treat XX/XX/year>2026 as the operative notice-of-error date. I am also requesting reimbursement of the {$1800.00} in disputed unauthorized transactions, correction of the misleading monetary relief characterization, and a complete copy of the investigation file, including all evidence, internal notes, timestamps, merchant responses, and records used to deny each claim.",,FinCo Services Inc DBA Current,NY,10027,,Web,2026-06-30 03:07:32+00:00,Untimely response,No,23695418,True,False,Checking or savings account::Managing an account
2026-06-30 00:55:47+00:00,"Money transfer, virtual currency, or money service",Virtual currency,Fraud or scam,,,,Abra,TX,75039,,Web,2026-06-30 01:00:53+00:00,Untimely response,No,23691737,True,False,"Money transfer, virtual currency, or money service::Fraud or scam"
2026-06-29 22:24:35+00:00,Credit card,General-purpose credit card or charge card,Problem with a purchase shown on your statement,Credit card company isn't resolving a dispute about a purchase on your statement,,,SYNCHRONY FINANCIAL,CA,92345,,Web,2026-06-29 22:39:35+00:00,Untimely response,No,23687098,True,False,Credit card::Problem with a purchase shown on your statement
2026-06-29 21:01:23+00:00,Credit card,Store credit card,Fees or interest,Problem with fees,"XXXX credit card migration to Imprint. First entry is Final Balance {$680.00} from XXXX. 
XXXX2026. No charge listed on statements, no one can tell me where or why. 

I have always auto pay in full- last was XXXXXXXX  {$680.00} was automatically taken out XX/XX/year>, but I reversed it until questions answered. 

Attached is bank statement with XXXX payments circled. 
Also attached is part of first statement from Imprint.",,"Imprint Payments, Inc.",NC,284XX,"Older American, Servicemember",Web,2026-06-30 15:50:07+00:00,Untimely response,No,23684071,True,False,Credit card::Fees or interest
2026-06-29 16:55:22+00:00,Credit card,General-purpose credit card or charge card,Getting a credit card,Card opened without my consent or knowledge,,,"BANK OF AMERICA, NATIONAL ASSOCIATION",NJ,08817,,Web,2026-06-29 17:52:41+00:00,Untimely response,No,23674514,True,False,Credit card::Getting a credit card
2026-06-29 16:13:23+00:00,Checking or savings account,Checking account,Closing an account,Funds not received from closed account,"My Relay account was closed after a fraud review triggered by a customer transaction. The issue was later resolved and I was informed that the transaction was legitimate and my remaining balance would be returned to me by mailed check. My account balance is approximately {$13000.00}.

I was asked to verify my mailing address, which I did by providing a bank statement showing my current address. Despite this, I have not received confirmation that my address was approved, nor any update on when the check was issued or mailed. It has now been over two weeks with no tracking information or clear timeline, and support has not been able to escalate my case or provide a supervisor.

I am requesting the immediate release and mailing of my remaining funds or a written explanation for the delay.",,"Relay Financial (US), Corp.",CA,932XX,,Web,2026-06-29 16:32:34+00:00,Closed with explanation,No,23671133,True,False,Checking or savings account::Closing an account
2026-06-29 15:55:47+00:00,"Money transfer, virtual currency, or money service",Virtual currency,Money was not available when promised,,,,"bitFlyer USA, Inc.",FL,34711,Older American,Web,2026-08-03 17:05:37+00:00,Untimely response,No,23671608,True,False,"Money transfer, virtual currency, or money service::Money was not available when promised"
2026-06-29 15:02:52+00:00,Credit card,Store credit card,Closing your account,Can't close your account,"I received a new Imprint XXXX Mastercard in the mail in XXXX. I had submitted a payment on line to XXXX XXXX  ( my previous XXXX XXXX ) to be payed on the day before its due date and received a confirmation number from them. That card went inactive on XX/XX/XXXX. It took me from XX/XX/XXXX until XX/XX/XXXX to straighten out the pay & cancel the Imprint XXXX Card. I received another bill from Imprint for {$70.00} this morning for a bill from XX/XX/year> for {$57.00} + {$12.00} interest. My new bill is not due until XX/XX/year>, I never activated the new Imprint XXXX card & I have. Now been on line for 2hours & 6 minutes wait on them to XXXX  XXXX  the balance when it should take 5 minutes. I still have not talked to anyone in 45 minutes.",,"Imprint Payments, Inc.",KY,40502,,Web,2026-06-30 15:50:09+00:00,Untimely response,No,23668708,True,False,Credit card::Closing your account
2026-06-29 12:27:27+00:00,Credit card,Store credit card,Problem with a purchase shown on your statement,Card was charged for something you did not purchase with the card,,,"Snap US Holdings, LLC",NY,11236,,Web,2026-07-29 13:31:01+00:00,Untimely response,No,23663573,True,False,Credit card::Problem with a purchase shown on your statement
2026-06-29 07:20:31+00:00,Credit card,General-purpose credit card or charge card,Problem with a purchase shown on your statement,Card was charged for something you did not purchase with the card,"On XX/XX/year> I was charged twice on my Imprint card that I use on XXXX I was charged {$1800.00} for XXXX flights, XXXX in my name and another under a name I do not know. Then I was charged {$940.00} for a hotel reservation that I also did not make. I informed them this was FRAUD and not just an unauthorized charge. They found me liable because there was no attempt to cancel the flight. I confirmed with the airline that no one boarded the flight and replied to imprint that that isnt enough reason to dismiss my report like that and I never got a response. I paid the debt to avoid interest while fighting this but I am looking to be reimbursed so I can be done with them and their terrible customer service.",,"Imprint Payments, Inc.",CA,93306,,Web,2026-06-30 15:50:19+00:00,Untimely response,No,23659394,True,False,Credit card::Problem with a purchase shown on your statement
2026-06-29 05:17:15+00:00,Credit card,General-purpose credit card or charge card,Problem with a purchase shown on your statement,Credit card company isn't resolving a dispute about a purchase on your statement,,Company has responded to the consumer and the CFPB and chooses not to provide a public response,SYNCHRONY FINANCIAL,CA,94062,,Web,2026-06-29 06:11:19+00:00,Closed with explanation,No,23658104,True,False,Credit card::Problem with a purchase shown on your statement
2026-06-28 19:07:14+00:00,Checking or savings account,Checking account,Closing an account,Funds not received from closed account,On XX/XX/XXXX I was logged out of mobile banking and I contacted current. My last 3 direct deposit checks from my work company were different because my companys switched over .after I reached out to them about not having access and my account being closed I was instructed to email and waiting days for a response which was XX/XX/XXXX. They gave me no info just stated it was closed and I had just received a check and asked when I would get access or get my funds. Almost {$580.00} I believe and I dont remember how much I had in my savings. With no words or calls I finally got a notification XX/XX/XXXX saying it would be sent in a check and I confirmed address but have never received anything til todays date. Saying I can only get checking and not savings back.,,FinCo Services Inc DBA Current,LA,70506,,Web,2026-06-28 19:19:55+00:00,Untimely response,No,23651980,True,False,Checking or savings account::Closing an account
2026-06-28 16:59:28+00:00,"Money transfer, virtual currency, or money service",Mobile or digital wallet,Unauthorized transactions or other transaction problem,,,,TransferWise Ltd,MA,02119,,Web,2026-06-28 17:29:01+00:00,Closed with explanation,No,23651316,True,False,"Money transfer, virtual currency, or money service::Unauthorized transactions or other transaction problem"
2026-06-28 16:45:50+00:00,Credit card,General-purpose credit card or charge card,"Advertising and marketing, including promotional offers",Confusing or misleading advertising about the credit card,"XX/XX/year>, CareCredit by Synchrony Bank was a credit card offered to purchase medical equipment for my wife. We were told that as long as the balance was paid in full that it would be interest free. 
XX/XX/XXXX I noticed that the auto payment to Synchrony increased and after contacting them by phone realized that my promotional period has expired and the deferred interest was charged to my account and there was nothing they could do. 
XX/XX/XXXX I sent a letter to formally complain that I was deceived and was not properly informed that there was a promotional period or that it was going to expire. I asked that they erase the {$3500.00} in interest charged. I paid the balance of {$5000.00}, that includes the interest, on the account in fear that I would be charged erroneous penalties. 
XX/XX/XXXX I received a response from Synchrony Bank stating that my account has been closed. I have not been refunded the {$3500.00}",Company has responded to the consumer and the CFPB and chooses not to provide a public response,SYNCHRONY FINANCIAL,NY,XXXXX,Servicemember,Web,2026-06-28 17:54:27+00:00,Closed with monetary relief,No,23651476,True,False,"Credit card::Advertising and marketing, including promotional offers"
2026-06-28 14:12:26+00:00,Credit card,General-purpose credit card or charge card,Problem with a purchase shown on your statement,Credit card company isn't resolving a dispute about a purchase on your statement,Spa manager used my phone to sign up for care credit account for a purchase. I only signed for the care credit account. He somehow transposed my signature onto a contract. I asked to return the item to which the spa said yes. I returned the item on XX/XX/XXXX. The spa did not return my money to with care credit or my Visa card ( the purchase was split between 2 cards ). I have tried multiple times to contact the spa to resolve this transaction to which they do not return calls. The spa has now moved with no forwarding address. This spa has scammed multiple people the same way. It is called XXXX XXXX in XXXX TX. Now the spa has the device I returned and my money so it is theft.,Company has responded to the consumer and the CFPB and chooses not to provide a public response,SYNCHRONY FINANCIAL,TX,77096,,Web,2026-06-28 14:27:45+00:00,Closed with explanation,No,23649955,True,False,Credit card::Problem with a purchase shown on your statement
2026-06-28 13:54:12+00:00,Credit card,Store credit card,Problem when making payments,Problem during payment process,"On XX/XX/XXXX I signed up for a 0 % deferred interest promotion with XXXX XXXX XXXX through XXXX XXXX. 
XXXX XXXX XXXX  transferred from XXXX XXXX  to Imprint/XXXX on XX/XX/XXXX The transfer broke my automatic payments. 
XXXX XXXX XXXX XXXX agreement is no longer available because they closed my account My final payment was not applied before the expiration of the deferred interest payment due the transfer from XXXX to Imprint resulting in a {$1900.00} deferred interest My husband is a XXXX XXXX XXXX Im requesting the deferred interest be waived due to the transfer of my accounts from XXXX  to Imprint",,"Imprint Payments, Inc.",FL,334XX,Servicemember,Web,2026-06-28 14:09:17+00:00,Closed with explanation,No,23649818,True,False,Credit card::Problem when making payments
2026-06-28 04:07:51+00:00,"Money transfer, virtual currency, or money service",Mobile or digital wallet,Trouble accessing funds in your mobile or digital wallet,,"Wise closed/restricted my account and still has not returned my remaining USD balance after I canceled the appeal and provided the external bank details and bank statement they requested. More than XXXX business days have passed. I am requesting regulatory assistance requiring Wise to release my remaining funds immediately or provide a written legal basis for continuing to hold them, plus the transfer date, method, and trace/reference number.",,TransferWise Ltd,NY,10027,,Web,2026-06-28 04:11:48+00:00,Closed with explanation,No,23646376,True,False,"Money transfer, virtual currency, or money service::Trouble accessing funds in your mobile or digital wallet"
2026-06-27 20:29:02+00:00,Credit card,Store credit card,"Other features, terms, or problems",Problem with rewards from credit card,"I accumulated approximately {$680.00} in rewards through the XXXX XXXX XXXX XXXX issued by XXXX. The rewards expired after 90 days. I was not aware of the expiration and do not recall receiving adequate notice that these rewards would be forfeited. I am seeking reinstatement of the expired rewards or equivalent compensation. Had I been aware that approximately {$680.00} in rewards certificates were approaching expiration, I would have redeemed them. The loss of these rewards directly caused me to cancel the card and has negatively affected my view of both XXXX and the XXXXXXXX XXXX XXXXXXXX brand.",,"Imprint Payments, Inc.",WA,98105,,Web,2026-06-30 15:50:17+00:00,Untimely response,No,23642894,True,False,"Credit card::Other features, terms, or problems"
2026-06-27 14:59:12+00:00,"Money transfer, virtual currency, or money service",Virtual currency,Fraud or scam,,,,Athena Bitcoin Inc,PA,19038,,Web,2026-06-27 15:05:57+00:00,Closed with explanation,No,23639361,True,False,"Money transfer, virtual currency, or money service::Fraud or scam"
2026-06-27 04:35:14+00:00,Credit card,Store credit card,Trouble using your card,Can't use card to make purchases,"Issue : Incorrect Information / Account Management Breakdown / Unfair Account Lockout Company : Synchrony Financial ( Synchrony Bank ) I am filing this complaint against Synchrony Bank regarding an ongoing account management failure and deceptive customer service practices related to my store card account, which I have held in good standing for 15 years.In XXXX, I underwent a legal name change. I submitted the required legal documentation to Synchrony Bank. 

The bank successfully processed and updated my legal name across several of my other Synchrony-issued accounts without issue. I was under the impression that my profile was fully updated across their entire system.Recently, the store card customer service canceled an order I placed. When I called to inquire why, front-line customer service agents repeatedly told me there was "" fraudulent activity '' on my account. 

Over a two-day period, I called multiple times. Each time, representatives put me on hold and returned to instruct me to "" wait 24 hours '' for the account to be reinstated. This information was entirely false and kept me trapped in a loop of automated fraud flags. The last representative I spoke with put me on hold then returned only to say, that now I must wait XXXX HOURS. Its all recorded. I finally bypassed standard customer service and reached the banking side of Synchrony. I was informed that the root cause of the issue was that this specific XXXX account was never updated and still listed my XXXX name. 

Despite making multiple calls, customer service never once disclosed this name mismatch to me, even though they knew the account was in good standing.Because Synchrony Bank failed to sync my legally updated information across all accountsand because their customer service department repeatedly provided misleading timelines rather than identifying a simple internal data errorI have suffered a loss of account utility and unfair order cancellations. 

I uploaded my legal name change document here on this complaint. All XXXX customer service had to do was ask. Not run me in circles as if they were laughing and doing this deliberately.",,SYNCHRONY FINANCIAL,FL,33130,,Web,2026-06-30 16:02:02+00:00,Untimely response,No,23632134,True,False,Credit card::Trouble using your card
2026-06-27 02:20:56+00:00,"Money transfer, virtual currency, or money service",Domestic (US) money transfer,Other service problem,,,,TransferWise Ltd,GU,96931,,Web,2026-06-27 02:32:55+00:00,Closed with explanation,No,23629723,True,False,"Money transfer, virtual currency, or money service::Other service problem"
2026-06-26 21:46:16+00:00,Credit card,General-purpose credit card or charge card,"Advertising and marketing, including promotional offers",Didn't receive advertised or promotional terms,I requested I replacement car well over a month ago and still never got it! They keep telling me it shipped,,"Imprint Payments, Inc.",NC,28803,Servicemember,Web,2026-06-30 15:50:21+00:00,Untimely response,No,23622232,True,False,"Credit card::Advertising and marketing, including promotional offers"
2026-06-26 20:38:02+00:00,Credit card,General-purpose credit card or charge card,Closing your account,Company closed your account,,Company has responded to the consumer and the CFPB and chooses not to provide a public response,SYNCHRONY FINANCIAL,AZ,85379,Older American,Phone,2026-06-26 21:27:54+00:00,Closed with explanation,No,23621140,True,False,Credit card::Closing your account
2026-06-26 18:33:12+00:00,Credit card,General-purpose credit card or charge card,Closing your account,Can't close your account,,,"Imprint Payments, Inc.",GA,30215,Older American,Web,2026-06-26 19:34:22+00:00,Closed with explanation,No,23616036,True,False,Credit card::Closing your account
2026-06-26 17:28:29+00:00,Credit card,General-purpose credit card or charge card,Incorrect information on your report,Account status incorrect,,Company has responded to the consumer and the CFPB and chooses not to provide a public response,SYNCHRONY FINANCIAL,FL,33782,,Web,2026-06-26 17:34:39+00:00,Closed with explanation,No,23611280,True,False,Credit card::Incorrect information on your report
2026-06-26 17:05:47+00:00,"Money transfer, virtual currency, or money service",Mobile or digital wallet,Unauthorized transactions or other transaction problem,,,,"Block, Inc.",CA,94102,,Web,2026-06-26 18:23:18+00:00,Closed with explanation,No,23613231,True,False,"Money transfer, virtual currency, or money service::Unauthorized transactions or other transaction problem"
2026-06-26 16:20:12+00:00,Credit card,General-purpose credit card or charge card,Problem when making payments,Problem during payment process,,Company has responded to the consumer and the CFPB and chooses not to provide a public response,SYNCHRONY FINANCIAL,KY,40291,,Postal mail,2026-06-26 16:41:26+00:00,Closed with monetary relief,No,23608903,True,False,Credit card::Problem when making payments
2026-06-26 16:13:11+00:00,Credit card,General-purpose credit card or charge card,"Other features, terms, or problems",Privacy issues,,,"Imprint Payments, Inc.",VA,22427,,Phone,2026-06-30 15:50:18+00:00,Untimely response,No,23609432,True,False,"Credit card::Other features, terms, or problems"
